Source File	Size	loadResources	load	generateSnapshots	load-configure	scan	loadDepInfo	loadInfo	checkR4R4B	generateNarratives	validate	loadLists	checkConformanceResources	checkConformanceResources2	checkConformanceResources3	generateLogicalMaps	validateExpressions	scanForUsageStats	checkURLsUnique	processProvenanceDetails	translate	generate1	generate2	generateLogicals	makeDependencies	generateExampleZip	generateValidationPack	scanProfilesForR5	scanExamplesForR5
/fsh-generated/resources/ImplementationGuide-mii-ig-lungenfunktion.json	57943	-	0	0	0	0	0	0	19	96	0	0	0	0	0	0	0	2	0	0	53	192	992	0	0	0	7	0	5
fsh-generated/resources/CapabilityStatement-mii-cps-lungenfunktion-capabilitystatement.json	58112	14	0	0	2	0	0	0	5	773	0	0	0	0	0	0	0	0	0	0	13	102	214	0	0	0	4	0	1
fsh-generated/resources/DiagnosticReport-mii-exa-lungenfunktion-bodyplethysmographie-befund.json	2304	3	0	0	0	0	0	0	0	2067	0	0	0	0	0	0	0	0	0	0	12	17	102	0	0	0	0	0	0
fsh-generated/resources/DiagnosticReport-mii-exa-lungenfunktion-diffusion-befund.json	1693	1	0	0	0	0	0	0	0	347	0	0	0	0	0	0	0	0	0	0	11	11	48	0	0	0	0	0	0
fsh-generated/resources/DiagnosticReport-mii-exa-lungenfunktion-provokationstest-befund.json	2947	2	0	0	0	0	0	0	0	473	0	0	0	0	0	0	0	0	0	0	11	20	107	0	0	0	0	0	0
fsh-generated/resources/DiagnosticReport-mii-exa-lungenfunktion-spirometrie-befund.json	1822	2	0	0	0	0	0	0	0	9	0	0	0	0	0	0	0	0	0	0	11	12	55	0	0	0	0	0	0
fsh-generated/resources/Encounter-mii-exa-lungenfunktion-kontakt.json	309	1	0	0	0	0	0	0	0	105	0	0	0	0	0	0	0	0	0	0	10	5	19	0	0	0	0	0	0
fsh-generated/resources/Location-mii-exa-lungenfunktion-location.json	619	1	0	0	0	0	0	0	0	23	0	0	0	0	0	0	0	0	0	0	6	5	9	0	0	0	0	0	0
fsh-generated/resources/Medication-mii-exa-lungenfunktion-methacholine.json	1353	2	0	0	0	0	0	0	1	114	0	0	0	0	0	0	0	0	0	0	7	7	12	0	0	0	0	0	0
fsh-generated/resources/MedicationAdministration-mii-exa-lungenfunktion-dosis-gabe-1.json	759	1	0	0	0	0	0	0	0	6	0	0	0	0	0	0	0	0	0	0	6	6	30	0	0	0	0	0	0
fsh-generated/resources/MedicationAdministration-mii-exa-lungenfunktion-dosis-gabe-2.json	759	2	0	0	0	0	0	0	0	3	0	0	0	0	0	0	0	1	0	0	6	5	21	0	0	0	0	0	0
fsh-generated/resources/MedicationAdministration-mii-exa-lungenfunktion-dosis-gabe-3.json	759	1	0	0	0	0	0	0	0	3	0	0	0	0	0	0	0	0	0	0	9	5	18	0	0	0	0	0	0
fsh-generated/resources/Observation-mii-exa-lungenfunktion-bf.json	1490	2	0	0	0	0	0	0	0	589	0	0	0	0	0	0	0	0	0	0	9	6	23	0	0	0	0	0	0
fsh-generated/resources/Observation-mii-exa-lungenfunktion-co2.json	985	1	0	0	0	0	0	0	0	4	0	0	0	0	0	0	0	0	0	0	9	5	16	0	0	0	0	0	0
fsh-generated/resources/Observation-mii-exa-lungenfunktion-dlco.json	2606	1	0	0	0	0	0	0	0	6	0	0	0	0	0	0	0	0	0	0	10	10	20	0	0	0	0	0	0
fsh-generated/resources/Observation-mii-exa-lungenfunktion-dlcoc.json	2777	2	0	0	0	0	0	0	0	6	0	0	0	0	0	0	0	0	0	0	6	10	26	0	0	0	0	0	0
fsh-generated/resources/Observation-mii-exa-lungenfunktion-dosis-kumuliert.json	1533	1	0	0	0	0	0	0	0	5	0	0	0	0	0	0	0	0	0	0	6	7	28	0	0	0	0	0	0
fsh-generated/resources/Observation-mii-exa-lungenfunktion-dosis-schwellwert.json	1347	2	0	0	0	0	0	0	0	3	0	0	0	0	0	0	0	0	0	0	5	8	20	0	0	0	0	0	0
fsh-generated/resources/Observation-mii-exa-lungenfunktion-erv.json	2152	1	0	0	0	0	0	0	1	236	0	0	0	0	0	0	0	0	0	0	5	9	18	0	0	0	0	0	0
fsh-generated/resources/Observation-mii-exa-lungenfunktion-fev1-b.json	1771	1	0	0	0	0	0	0	0	3	0	0	0	0	0	0	0	0	0	0	5	6	17	0	0	0	0	0	1
fsh-generated/resources/Observation-mii-exa-lungenfunktion-fev1-fvc.json	2507	2	0	0	0	0	0	0	0	4	0	0	0	0	0	0	0	0	0	0	5	8	25	0	0	0	0	0	0
fsh-generated/resources/Observation-mii-exa-lungenfunktion-fev1-p3.json	1866	1	0	0	0	0	0	0	0	3	0	0	0	0	0	0	0	0	0	0	9	9	21	0	0	0	0	0	0
fsh-generated/resources/Observation-mii-exa-lungenfunktion-fev1-p4.json	1866	2	0	0	0	0	0	0	0	3	0	0	0	0	0	0	0	0	0	0	9	14	20	0	0	0	0	0	0
fsh-generated/resources/Observation-mii-exa-lungenfunktion-fev1-p5.json	1866	1	0	0	0	0	0	0	0	4	0	0	0	0	0	0	0	0	0	0	5	10	21	0	0	0	0	0	0
fsh-generated/resources/Observation-mii-exa-lungenfunktion-fev1.json	2657	2	0	0	0	0	0	0	1	5	0	0	0	0	0	0	0	0	0	0	5	14	18	0	0	0	0	0	0
fsh-generated/resources/Observation-mii-exa-lungenfunktion-frc-b.json	1706	1	0	0	0	0	0	0	0	4	0	0	0	0	0	0	0	0	0	0	4	10	17	0	0	0	0	0	0
fsh-generated/resources/Observation-mii-exa-lungenfunktion-frc-p3.json	1801	1	0	0	0	0	0	0	0	3	0	0	0	0	0	0	0	0	0	0	4	10	21	0	0	0	0	0	0
fsh-generated/resources/Observation-mii-exa-lungenfunktion-frc-p4.json	1801	2	0	0	0	0	0	0	0	4	0	0	0	0	0	0	0	0	0	0	4	11	20	0	0	0	0	0	0
fsh-generated/resources/Observation-mii-exa-lungenfunktion-frc-p5.json	1801	1	0	0	0	0	0	0	0	5	0	0	0	0	0	0	0	0	0	0	4	10	23	0	0	0	0	0	0
fsh-generated/resources/Observation-mii-exa-lungenfunktion-frc.json	2497	1	0	0	0	0	0	0	0	5	0	0	0	0	0	0	0	0	0	0	5	12	19	0	0	0	0	0	0
fsh-generated/resources/Observation-mii-exa-lungenfunktion-fvc.json	2625	2	0	0	0	0	0	0	0	5	0	0	0	0	0	0	0	0	0	0	4	13	17	0	0	0	0	0	0
fsh-generated/resources/Observation-mii-exa-lungenfunktion-hb.json	1635	1	0	0	0	0	0	0	1	4	0	0	0	0	0	0	0	0	0	0	4	10	17	0	0	0	0	0	0
fsh-generated/resources/Observation-mii-exa-lungenfunktion-ic.json	2211	1	0	0	0	0	0	0	0	5	0	0	0	0	0	0	0	0	0	0	4	12	17	0	0	0	0	0	0
fsh-generated/resources/Observation-mii-exa-lungenfunktion-kco.json	2781	2	0	0	0	0	0	0	0	5	0	0	0	0	0	0	0	0	0	0	3	13	24	0	0	0	0	0	0
fsh-generated/resources/Observation-mii-exa-lungenfunktion-kcoc.json	2784	2	0	0	0	0	0	0	0	5	0	0	0	0	0	0	0	0	0	0	3	14	24	0	0	0	0	0	0
fsh-generated/resources/Observation-mii-exa-lungenfunktion-luftfeuchtigkeit.json	971	1	0	0	0	0	0	0	0	3	0	0	0	0	0	0	0	0	0	0	3	7	16	0	0	0	0	0	0
fsh-generated/resources/Observation-mii-exa-lungenfunktion-lufttemperatur.json	987	1	0	0	0	0	0	0	0	483	0	0	0	0	0	0	0	0	0	0	4	9	15	0	0	0	0	0	0
fsh-generated/resources/Observation-mii-exa-lungenfunktion-mef25.json	2494	1	0	0	0	0	0	0	0	4	0	0	0	0	0	0	0	0	0	0	5	12	17	0	0	0	0	0	0
fsh-generated/resources/Observation-mii-exa-lungenfunktion-mef50.json	2494	2	0	0	0	0	0	0	1	4	0	0	0	0	0	0	0	0	0	0	4	13	18	0	0	0	0	0	0
fsh-generated/resources/Observation-mii-exa-lungenfunktion-mef75.json	2494	2	0	0	0	0	0	0	0	3	0	0	0	0	0	0	0	0	0	0	4	12	19	0	0	0	0	0	0
fsh-generated/resources/Observation-mii-exa-lungenfunktion-pef-b.json	1758	1	0	0	0	0	0	0	0	3	0	0	0	0	0	0	0	0	0	0	2	10	16	0	0	0	0	0	0
fsh-generated/resources/Observation-mii-exa-lungenfunktion-pef-p3.json	1848	2	0	0	0	0	0	0	0	3	0	0	0	0	0	0	0	0	0	0	3	10	21	0	0	0	0	0	0
fsh-generated/resources/Observation-mii-exa-lungenfunktion-pef-p4.json	1848	1	0	0	0	0	0	0	0	3	0	0	0	0	0	0	0	0	0	0	2	8	20	0	0	0	0	0	0
fsh-generated/resources/Observation-mii-exa-lungenfunktion-pef-p5.json	1848	2	0	0	0	0	0	0	0	3	0	0	0	0	0	0	0	0	0	0	2	8	28	0	0	0	0	0	0
fsh-generated/resources/Observation-mii-exa-lungenfunktion-pef.json	2643	1	0	0	0	0	0	0	1	4	0	0	0	0	0	0	0	0	0	0	3	11	18	0	0	0	0	0	0
fsh-generated/resources/Observation-mii-exa-lungenfunktion-r-b.json	1644	2	0	0	0	0	0	0	0	3	0	0	0	0	0	0	0	0	0	0	2	7	16	0	0	0	0	0	0
fsh-generated/resources/Observation-mii-exa-lungenfunktion-r-p3.json	1743	1	0	0	0	0	0	0	0	4	0	0	0	0	0	0	0	0	0	0	8	9	20	0	0	0	0	0	0
fsh-generated/resources/Observation-mii-exa-lungenfunktion-r-p4.json	1743	1	0	0	0	0	0	0	0	4	0	0	0	0	0	0	0	0	0	0	5	7	20	0	0	0	0	0	0
fsh-generated/resources/Observation-mii-exa-lungenfunktion-r-p5.json	1743	2	0	0	0	0	0	0	0	4	0	0	0	0	0	0	0	0	0	0	4	8	19	0	1	0	0	0	0
fsh-generated/resources/Observation-mii-exa-lungenfunktion-r.json	2022	2	0	0	0	0	0	0	0	4	0	0	0	0	0	0	0	0	0	0	6	7	18	0	0	0	0	0	0
fsh-generated/resources/Observation-mii-exa-lungenfunktion-rvl-tlc.json	2721	2	0	0	0	0	0	0	0	4	0	0	0	0	0	0	0	1	0	0	4	9	25	0	0	0	0	0	0
fsh-generated/resources/Observation-mii-exa-lungenfunktion-rvl.json	2547	1	0	0	1	0	0	0	1	3	0	0	0	0	0	0	0	0	0	0	5	8	19	0	0	0	0	0	0
fsh-generated/resources/Observation-mii-exa-lungenfunktion-sg-total.json	2062	2	0	0	0	0	0	0	0	3	0	0	0	0	0	0	0	0	0	0	8	7	18	0	0	0	0	0	1
fsh-generated/resources/Observation-mii-exa-lungenfunktion-sr-eff.json	2028	1	0	0	0	0	0	0	0	2	0	0	0	0	0	0	0	0	0	0	7	7	16	0	0	0	0	0	0
fsh-generated/resources/Observation-mii-exa-lungenfunktion-sr-total-b.json	1655	2	0	0	0	0	0	0	0	3	0	0	0	0	0	0	0	0	0	0	4	10	17	0	0	0	0	0	0
fsh-generated/resources/Observation-mii-exa-lungenfunktion-sr-total-p3.json	1750	1	0	0	0	0	0	0	0	3	0	0	0	0	0	0	0	0	0	0	5	7	23	0	0	0	0	0	0
fsh-generated/resources/Observation-mii-exa-lungenfunktion-sr-total-p4.json	1750	1	0	0	0	0	0	0	0	4	0	0	0	0	0	0	0	0	0	0	3	7	21	0	0	0	0	0	0
fsh-generated/resources/Observation-mii-exa-lungenfunktion-sr-total-p5.json	1749	1	0	0	0	0	0	0	0	4	0	0	0	0	0	0	0	0	0	0	3	7	22	0	0	0	0	0	0
fsh-generated/resources/Observation-mii-exa-lungenfunktion-sr-total.json	2033	1	0	0	0	0	0	0	1	3	0	0	0	0	0	0	0	0	0	0	3	6	17	0	0	0	0	0	0
fsh-generated/resources/Observation-mii-exa-lungenfunktion-tlc.json	2592	2	0	0	0	0	0	0	0	4	0	0	0	0	0	0	0	0	0	0	3	8	19	0	0	0	0	0	0
fsh-generated/resources/Observation-mii-exa-lungenfunktion-va.json	2434	1	0	0	0	0	0	0	0	4	0	0	0	0	0	0	0	0	0	0	3	9	18	0	0	0	0	0	0
fsh-generated/resources/Observation-mii-exa-lungenfunktion-vc.json	2615	2	0	0	0	0	0	0	0	4	0	0	0	0	0	0	0	0	0	0	3	8	18	0	0	0	0	0	0
fsh-generated/resources/Patient-mii-exa-lungenfunktion-patient.json	232	1	0	0	0	0	0	0	1	2	0	0	0	0	0	0	0	0	0	0	2	5	9	0	0	0	0	0	0
fsh-generated/resources/Procedure-mii-exa-lungenfunktion-bodyplethysmographie-messung.json	1208	1	0	0	0	0	0	0	0	4	0	0	0	0	0	0	0	0	0	0	2	5	23	0	0	0	0	0	0
fsh-generated/resources/Procedure-mii-exa-lungenfunktion-diffusion-messung.json	1195	1	0	0	0	0	0	0	0	2	0	0	0	0	0	0	0	0	0	0	2	9	19	0	0	0	0	0	0
fsh-generated/resources/Procedure-mii-exa-lungenfunktion-provokationstest-messung.json	1193	1	0	0	0	0	0	0	0	3	0	0	0	0	0	0	0	0	0	0	2	5	17	0	0	0	0	0	0
fsh-generated/resources/Procedure-mii-exa-lungenfunktion-spirometrie-messung.json	1166	2	0	0	0	0	0	0	0	2	0	0	0	0	0	0	0	0	0	0	2	6	19	0	0	0	0	0	0
fsh-generated/resources/StructureDefinition-mii-lm-lungenfunktion.json	44351	7	0	84	0	0	0	1	0	375	0	0	1	0	0	0	0	1	0	0	8	305	1938	0	0	0	10	0	1
fsh-generated/resources/StructureDefinition-mii-pr-lungenfunktion-1-viskositaet.json	62651	12	0	192	0	0	0	0	1	190	0	0	1	0	0	0	0	2	0	0	2	568	3304	0	0	0	23	1	4
fsh-generated/resources/StructureDefinition-mii-pr-lungenfunktion-befund.json	42331	7	0	61	0	0	0	0	0	63	0	0	0	0	0	0	0	0	0	0	2	229	1074	0	0	0	9	0	2
fsh-generated/resources/StructureDefinition-mii-pr-lungenfunktion-bf.json	51591	10	0	185	0	0	0	0	0	117	0	0	1	0	0	0	0	2	0	0	2	462	2409	0	0	0	20	0	4
fsh-generated/resources/StructureDefinition-mii-pr-lungenfunktion-bodyplethysmographie-messung.json	11793	3	0	133	0	0	0	0	0	46	0	0	0	0	0	0	0	1	0	0	0	245	1536	1	0	0	10	0	3
fsh-generated/resources/StructureDefinition-mii-pr-lungenfunktion-bodyplethysmographie.json	11544	3	0	85	0	0	0	0	0	54	0	0	1	0	0	0	0	1	0	0	1	306	863	0	0	0	9	0	2
fsh-generated/resources/StructureDefinition-mii-pr-lungenfunktion-co2-konzentration.json	21551	5	0	157	0	0	0	0	0	45	0	0	0	0	0	0	0	1	0	0	1	221	757	0	0	0	10	0	2
fsh-generated/resources/StructureDefinition-mii-pr-lungenfunktion-diffusion-messung.json	11727	3	0	112	0	0	0	0	0	46	0	0	0	0	0	0	0	1	0	0	0	249	1137	0	0	0	12	1	2
fsh-generated/resources/StructureDefinition-mii-pr-lungenfunktion-diffusion.json	9119	3	0	62	0	0	0	0	1	42	0	0	0	0	0	0	0	1	0	0	1	203	755	0	0	0	8	0	2
fsh-generated/resources/StructureDefinition-mii-pr-lungenfunktion-diffusionskapazitaet.json	62709	12	0	166	0	0	0	0	0	118	0	0	1	0	0	0	0	2	0	0	2	556	1279	0	0	0	23	0	5
fsh-generated/resources/StructureDefinition-mii-pr-lungenfunktion-dlco.json	5713	3	0	132	1	0	0	0	0	74	0	0	0	0	0	0	0	2	0	0	0	354	1803	0	0	0	15	0	3
fsh-generated/resources/StructureDefinition-mii-pr-lungenfunktion-dlcoc.json	5856	2	0	119	0	0	0	0	0	146	0	0	1	0	0	0	0	1	0	0	1	367	1519	0	0	0	15	0	4
fsh-generated/resources/StructureDefinition-mii-pr-lungenfunktion-dosis-gabe.json	4492	1	0	184	0	0	0	0	0	43	0	0	0	0	0	0	0	2	0	0	0	266	1060	0	0	0	10	0	2
fsh-generated/resources/StructureDefinition-mii-pr-lungenfunktion-dosis.json	8353	3	0	110	0	0	0	0	0	47	0	0	0	0	0	0	0	1	0	0	1	231	713	0	0	0	10	0	2
fsh-generated/resources/StructureDefinition-mii-pr-lungenfunktion-fev-fvc.json	5824	2	0	191	0	0	0	0	0	58	0	0	1	0	0	0	0	1	0	0	0	406	1330	0	0	0	14	1	2
fsh-generated/resources/StructureDefinition-mii-pr-lungenfunktion-fev.json	5305	2	0	180	0	0	0	0	0	39	0	0	0	0	0	0	0	2	0	0	0	326	1537	0	0	0	14	0	2
fsh-generated/resources/StructureDefinition-mii-pr-lungenfunktion-fluss.json	62595	10	0	137	0	0	0	0	0	70	0	0	1	0	0	0	0	2	0	0	2	547	1210	0	0	0	23	0	2
fsh-generated/resources/StructureDefinition-mii-pr-lungenfunktion-frc.json	5296	3	0	169	0	0	0	0	0	39	0	0	0	0	0	0	0	2	0	0	1	354	1257	0	0	0	16	0	2
fsh-generated/resources/StructureDefinition-mii-pr-lungenfunktion-fvc.json	5291	2	0	118	0	0	0	0	0	33	0	0	0	0	0	0	0	2	0	0	0	326	1648	0	0	0	14	1	2
fsh-generated/resources/StructureDefinition-mii-pr-lungenfunktion-gewicht.json	61845	9	0	130	0	0	0	0	1	76	0	0	1	0	0	0	0	1	0	0	3	538	1205	0	0	0	23	0	2
fsh-generated/resources/StructureDefinition-mii-pr-lungenfunktion-hb.json	39705	6	0	91	0	0	0	0	0	44	0	0	0	0	0	0	0	2	0	0	1	337	813	0	0	0	15	0	2
fsh-generated/resources/StructureDefinition-mii-pr-lungenfunktion-ic.json	5236	3	0	158	0	0	0	0	0	40	0	0	1	0	0	0	0	2	0	0	0	434	1217	0	0	0	14	0	2
fsh-generated/resources/StructureDefinition-mii-pr-lungenfunktion-irv.json	5172	2	0	116	0	0	0	0	0	36	0	0	0	0	0	0	0	1	0	0	1	345	1323	0	0	0	15	0	1
fsh-generated/resources/StructureDefinition-mii-pr-lungenfunktion-kco.json	6213	2	0	166	0	0	0	0	0	37	0	0	0	0	0	0	0	2	0	0	0	355	1275	0	0	0	15	1	2
fsh-generated/resources/StructureDefinition-mii-pr-lungenfunktion-kcoc.json	6224	2	0	114	0	0	0	0	0	46	0	0	1	0	0	0	0	2	0	0	1	367	1163	0	0	0	16	0	2
fsh-generated/resources/StructureDefinition-mii-pr-lungenfunktion-luftfeuchtigkeit.json	21512	4	0	99	0	0	0	0	0	27	0	0	0	0	0	0	0	1	0	0	0	217	597	0	0	0	10	0	1
fsh-generated/resources/StructureDefinition-mii-pr-lungenfunktion-lufttemperatur.json	21524	4	0	76	0	0	0	0	0	27	0	0	0	0	0	0	0	0	0	0	1	220	581	0	1	0	9	0	1
fsh-generated/resources/StructureDefinition-mii-pr-lungenfunktion-mef.json	5201	2	0	120	0	0	0	0	0	36	0	0	1	0	0	0	0	2	0	0	1	353	1350	0	0	0	15	0	2
fsh-generated/resources/StructureDefinition-mii-pr-lungenfunktion-methacholine.json	6152	3	0	156	0	0	0	0	0	61	0	0	0	0	0	0	0	2	0	0	0	418	1276	0	0	0	15	0	2
fsh-generated/resources/StructureDefinition-mii-pr-lungenfunktion-pef.json	5293	1	0	137	0	0	0	0	0	33	0	0	0	0	0	0	0	2	0	0	0	474	1620	0	0	0	15	0	2
fsh-generated/resources/StructureDefinition-mii-pr-lungenfunktion-provokationstest-messung.json	11665	3	0	152	0	0	0	0	0	25	0	0	1	0	0	0	0	1	0	0	1	244	831	0	0	0	10	1	1
fsh-generated/resources/StructureDefinition-mii-pr-lungenfunktion-provokationstest.json	6888	2	0	54	0	0	0	0	0	129	0	0	0	0	0	0	0	0	0	0	0	172	612	0	0	0	8	0	1
fsh-generated/resources/StructureDefinition-mii-pr-lungenfunktion-prozent.json	62609	9	0	91	1	0	0	0	1	70	0	0	0	0	0	0	0	2	0	0	2	551	1156	0	0	0	22	0	2
fsh-generated/resources/StructureDefinition-mii-pr-lungenfunktion-r-effektiv.json	5373	3	0	163	0	0	0	0	0	37	0	0	1	0	0	0	0	2	0	0	1	356	1221	0	0	0	16	0	2
fsh-generated/resources/StructureDefinition-mii-pr-lungenfunktion-r-spezifisch.json	5348	2	0	123	0	0	0	0	0	37	0	0	0	0	0	0	0	1	0	0	0	355	1224	0	0	0	15	0	2
fsh-generated/resources/StructureDefinition-mii-pr-lungenfunktion-r.json	5253	3	0	220	0	0	0	0	0	40	0	0	1	0	0	0	0	2	0	0	0	355	1219	0	0	0	15	1	2
fsh-generated/resources/StructureDefinition-mii-pr-lungenfunktion-rvl-tlc.json	5400	2	0	123	0	0	0	0	0	43	0	0	0	0	0	0	0	1	0	0	1	353	1224	0	0	0	15	0	2
fsh-generated/resources/StructureDefinition-mii-pr-lungenfunktion-rvl.json	5356	1	0	118	0	0	0	0	0	35	0	0	0	0	0	0	0	2	0	0	0	469	1324	0	0	0	16	0	1
fsh-generated/resources/StructureDefinition-mii-pr-lungenfunktion-sg-total.json	5153	3	0	118	0	0	0	0	0	41	0	0	1	0	0	0	0	2	0	0	0	361	1516	0	0	0	16	0	2
fsh-generated/resources/StructureDefinition-mii-pr-lungenfunktion-spirometrie-messung.json	11705	3	0	159	0	0	0	0	0	31	0	0	0	0	0	0	0	1	0	0	1	247	779	0	0	0	10	1	2
fsh-generated/resources/StructureDefinition-mii-pr-lungenfunktion-spirometrie.json	7720	3	0	63	0	0	0	0	0	23	0	0	0	0	0	0	0	0	0	0	0	186	580	0	0	0	7	0	1
fsh-generated/resources/StructureDefinition-mii-pr-lungenfunktion-tlc.json	5357	2	0	127	0	0	0	0	0	36	0	0	1	0	0	0	0	2	0	0	0	347	1221	0	0	0	15	0	2
fsh-generated/resources/StructureDefinition-mii-pr-lungenfunktion-transferkoeffizient.json	62739	9	0	96	0	0	0	0	0	74	0	0	0	0	0	0	0	2	0	0	2	549	1176	0	0	0	23	0	2
fsh-generated/resources/StructureDefinition-mii-pr-lungenfunktion-umgebung.json	6952	3	0	35	0	0	0	0	0	11	0	0	0	0	0	0	0	0	0	0	1	89	319	0	0	0	4	0	0
fsh-generated/resources/StructureDefinition-mii-pr-lungenfunktion-va.json	5353	2	0	154	0	0	0	0	0	42	0	0	1	0	0	0	0	2	0	0	0	519	1124	0	0	0	15	0	2
fsh-generated/resources/StructureDefinition-mii-pr-lungenfunktion-vc.json	5293	2	0	191	0	0	0	0	0	33	0	0	0	0	0	0	0	2	0	0	0	334	1287	0	0	0	15	0	2
fsh-generated/resources/StructureDefinition-mii-pr-lungenfunktion-viskositaet.json	62631	10	0	121	0	0	1	0	0	161	0	0	1	0	0	0	0	1	0	0	2	549	1163	0	0	0	22	0	2
fsh-generated/resources/StructureDefinition-mii-pr-lungenfunktion-volumen.json	61839	8	0	99	0	0	0	0	1	65	0	0	0	0	0	0	0	2	0	0	2	535	1158	0	0	0	22	0	3
fsh-generated/resources/StructureDefinition-mii-pr-lungenfunktion-widerstand.json	62657	9	0	97	0	0	0	0	0	70	0	0	0	0	0	0	0	2	0	0	2	683	1157	0	0	0	23	0	2
fsh-generated/resources/ValueSet-mii-vs-lufu-lnc-dlco.json	1826	1	0	0	0	0	0	0	0	849	0	0	0	0	0	0	0	0	0	0	9	7	125	0	0	0	1	0	0
fsh-generated/resources/ValueSet-mii-vs-lufu-lnc-dlcoc.json	1785	1	0	0	0	0	0	0	0	119	0	0	0	0	0	0	0	0	0	0	10	7	74	0	0	0	0	0	0
fsh-generated/resources/ValueSet-mii-vs-lufu-lnc-fev-fvc.json	1588	2	0	0	0	0	0	0	1	118	0	0	0	0	0	0	0	0	0	0	10	6	75	0	0	0	0	0	0
fsh-generated/resources/ValueSet-mii-vs-lufu-lnc-fev.json	4570	1	0	0	0	0	0	0	0	127	0	0	0	0	0	0	0	0	0	0	10	13	87	0	0	0	1	0	0
fsh-generated/resources/ValueSet-mii-vs-lufu-lnc-frc.json	2075	1	0	0	0	0	0	0	1	117	0	0	0	0	0	0	0	0	0	0	9	8	67	0	0	0	0	0	0
fsh-generated/resources/ValueSet-mii-vs-lufu-lnc-fvc.json	2719	2	0	0	1	0	0	0	0	118	0	0	0	0	0	0	0	0	0	0	10	10	71	0	0	0	0	0	0
fsh-generated/resources/ValueSet-mii-vs-lufu-lnc-ic.json	2590	1	0	0	0	0	0	0	0	116	0	0	0	0	0	0	0	0	0	0	9	13	64	0	0	0	0	0	0
fsh-generated/resources/ValueSet-mii-vs-lufu-lnc-kco.json	1980	1	0	0	0	0	0	0	0	115	0	0	0	0	0	0	0	0	0	0	10	8	57	0	0	0	1	0	0
fsh-generated/resources/ValueSet-mii-vs-lufu-lnc-mef.json	2106	1	0	0	0	0	0	0	1	116	0	0	0	0	0	0	0	0	0	0	10	7	61	0	0	0	0	0	0
fsh-generated/resources/ValueSet-mii-vs-lufu-lnc-observable.json	1487	1	0	0	0	0	0	0	0	175	0	0	0	0	0	0	0	0	0	0	10	6	550	0	0	0	0	0	0
fsh-generated/resources/ValueSet-mii-vs-lufu-lnc-pef.json	3242	1	0	0	0	0	0	0	0	122	0	0	0	0	0	0	0	0	0	0	10	12	61	0	0	0	1	0	0
fsh-generated/resources/ValueSet-mii-vs-lufu-lnc-procedure.json	1359	1	0	0	0	0	0	0	0	115	0	0	0	0	0	0	0	0	0	0	9	7	288	0	0	0	0	0	0
fsh-generated/resources/ValueSet-mii-vs-lufu-lnc-r.json	2240	1	0	0	0	0	0	0	1	151	0	0	0	0	0	0	0	0	0	0	10	8	85	0	0	0	0	0	0
fsh-generated/resources/ValueSet-mii-vs-lufu-lnc-rv.json	1759	1	0	0	0	0	0	0	0	115	0	0	0	0	0	0	0	0	0	0	10	8	69	0	0	0	0	0	0
fsh-generated/resources/ValueSet-mii-vs-lufu-lnc-rvl-tlc.json	1591	2	0	0	0	0	0	0	0	114	0	0	0	0	0	0	0	0	0	0	11	7	67	0	0	0	1	0	0
fsh-generated/resources/ValueSet-mii-vs-lufu-lnc-rvl.json	1981	1	0	0	0	0	0	0	0	114	0	0	0	0	0	0	0	0	0	0	9	7	64	0	0	0	0	0	0
fsh-generated/resources/ValueSet-mii-vs-lufu-lnc-sr-eff.json	1777	1	0	0	0	0	0	0	1	113	0	0	0	0	0	0	0	0	0	0	10	7	68	0	0	0	0	0	0
fsh-generated/resources/ValueSet-mii-vs-lufu-lnc-sr.json	1785	1	0	0	0	0	0	0	0	114	0	0	0	0	0	0	0	0	0	0	5	6	67	0	0	0	0	0	0
fsh-generated/resources/ValueSet-mii-vs-lufu-lnc-tlc.json	2567	1	0	0	0	0	0	0	0	114	0	0	0	0	0	0	0	0	0	0	5	8	75	0	0	0	1	0	0
fsh-generated/resources/ValueSet-mii-vs-lufu-lnc-vc.json	2617	2	0	0	0	0	0	0	0	114	0	0	0	0	0	0	0	0	0	0	6	9	63	0	0	0	0	0	0
fsh-generated/resources/ValueSet-mii-vs-lufu-sct-fev-fvc.json	2786	1	0	0	0	0	0	0	0	174	0	0	0	0	0	0	0	0	0	0	5	9	56	0	0	0	0	0	0
fsh-generated/resources/ValueSet-mii-vs-lufu-sct-fev.json	3320	1	0	0	0	0	0	0	1	115	0	0	0	0	0	0	0	0	0	0	5	79	71	0	0	0	1	0	0
fsh-generated/resources/ValueSet-mii-vs-lufu-sct-findings.json	1416	1	0	0	0	0	0	0	0	404	0	0	0	0	0	0	0	0	0	0	4	15	194	0	0	0	0	0	1
fsh-generated/resources/ValueSet-mii-vs-lufu-sct-fvc.json	1896	2	0	0	0	0	0	0	0	114	0	0	0	0	0	0	0	0	0	0	3	16	62	0	0	0	0	0	0
fsh-generated/resources/ValueSet-mii-vs-lufu-sct-location.json	1420	1	0	0	0	0	0	0	0	115	0	0	0	0	0	0	0	0	0	0	52	9	425	0	0	0	0	0	0
fsh-generated/resources/ValueSet-mii-vs-lufu-sct-mef.json	2275	1	0	0	0	0	0	0	1	115	0	0	0	0	0	0	0	0	0	0	6	9	64	0	0	0	1	0	0
fsh-generated/resources/ValueSet-mii-vs-lufu-sct-observable.json	1425	1	0	0	0	0	0	0	0	59	0	0	0	0	0	0	0	0	0	0	5	6	182	0	0	0	0	0	0
fsh-generated/resources/ValueSet-mii-vs-lufu-sct-pef.json	3042	1	0	0	0	0	0	0	0	115	0	0	0	0	0	0	0	0	0	0	4	9	68	0	0	0	0	0	0
fsh-generated/resources/ValueSet-mii-vs-lufu-sct-procedure.json	1425	1	0	0	0	0	0	0	0	59	0	0	0	0	0	0	0	0	0	0	3	6	458	0	0	0	0	0	0
fsh-generated/resources/ValueSet-mii-vs-lufu-sct-rv.json	1422	1	0	0	0	0	0	0	0	114	0	0	0	0	0	0	0	0	0	0	3	6	43	0	0	0	1	0	0
fsh-generated/resources/ValueSet-mii-vs-lufu-sct-technique.json	2514	1	0	0	1	0	0	0	1	115	0	0	0	0	0	0	0	0	0	0	2	8	46	0	0	0	0	0	0
fsh-generated/resources/ValueSet-mii-vs-lufu-sct-vc.json	1946	1	0	0	0	0	0	0	0	115	0	0	0	0	0	0	0	1	0	0	3	8	43	0	0	0	0	0	0
input/resources/Parameters-expansion-manifest.json	519	1	0	0	0	0	0	0	2	1	0	0	0	0	0	0	0	0	0	0	4	44	2132	0	0	0	0	0	0
/input/includes/menu.xml	5106	-	-	-	0	0	0	0	0	0	0	0	0	0	0	0	0	0	0	0	0	0	1	0	0	0	0	0	0
/fsh-generated/includes/fsh-link-references.md	12141	-	-	-	0	0	0	0	0	0	0	0	0	0	0	0	0	0	0	0	0	0	2	0	0	0	0	0	0
/input/intro-notes/StructureDefinition-mii-pr-lungenfunktion-r-spezifisch-intro.md	357	-	-	-	0	0	0	0	0	0	0	0	0	0	0	0	0	0	0	0	0	0	0	0	0	0	0	0	0
/input/intro-notes/StructureDefinition-mii-pr-lungenfunktion-bodyplethysmographie-intro.md	388	-	-	-	0	0	0	0	0	0	0	0	0	0	0	0	0	0	0	0	0	0	0	0	0	0	0	0	0
/input/intro-notes/StructureDefinition-mii-pr-lungenfunktion-dlco-intro.md	362	-	-	-	0	0	0	0	0	0	0	0	0	0	0	0	0	0	0	0	0	0	1	0	0	0	0	0	0
/input/intro-notes/StructureDefinition-mii-pr-lungenfunktion-co2-konzentration-intro.md	368	-	-	-	0	0	0	0	0	0	0	0	0	0	0	0	0	0	0	0	0	0	0	0	0	0	0	0	0
/input/intro-notes/StructureDefinition-mii-pr-lungenfunktion-tlc-intro.md	341	-	-	-	0	0	0	0	0	0	0	0	0	0	0	0	0	0	0	0	0	0	0	0	0	0	0	0	0
/input/intro-notes/StructureDefinition-mii-pr-lungenfunktion-r-effektiv-intro.md	363	-	-	-	0	0	0	0	0	0	0	0	0	0	0	0	0	0	0	0	0	0	0	0	0	0	0	0	0
/input/intro-notes/StructureDefinition-mii-pr-lungenfunktion-ic-intro.md	332	-	-	-	0	0	0	0	0	0	0	0	0	0	0	0	0	0	0	0	0	0	0	0	0	0	0	0	0
/input/intro-notes/StructureDefinition-mii-pr-lungenfunktion-irv-intro.md	327	-	-	-	0	0	0	0	0	0	0	0	0	0	0	0	0	0	0	0	0	0	1	0	0	0	0	0	0
/input/intro-notes/StructureDefinition-mii-pr-lungenfunktion-methacholine-intro.md	320	-	-	-	0	0	0	0	0	0	0	0	0	0	0	0	0	0	0	0	0	0	0	0	0	0	0	0	0
/input/intro-notes/StructureDefinition-mii-pr-lungenfunktion-provokationstest-intro.md	390	-	-	-	0	0	0	0	0	0	0	0	0	0	0	0	0	0	0	0	0	0	0	0	0	0	0	0	0
/input/intro-notes/StructureDefinition-mii-pr-lungenfunktion-rvl-intro.md	337	-	-	-	0	0	0	0	0	0	0	0	0	0	0	0	0	0	0	0	0	0	0	0	0	0	0	0	0
/input/intro-notes/StructureDefinition-mii-pr-lungenfunktion-va-intro.md	325	-	-	-	0	0	0	0	0	0	0	0	0	0	0	0	0	0	0	0	0	0	1	0	0	0	0	0	0
/input/intro-notes/StructureDefinition-mii-pr-lungenfunktion-spirometrie-messung-intro.md	328	-	-	-	0	0	0	0	0	0	0	0	0	0	0	0	0	0	0	0	0	0	0	0	0	0	0	0	0
/input/intro-notes/StructureDefinition-mii-pr-lungenfunktion-diffusion-messung-intro.md	334	-	-	-	0	0	0	0	0	0	0	0	0	0	0	0	0	0	0	0	0	0	0	0	0	0	0	0	0
/input/intro-notes/StructureDefinition-mii-pr-lungenfunktion-kcoc-intro.md	513	-	-	-	0	0	0	0	0	0	0	0	0	0	0	0	0	0	0	0	0	0	0	0	0	0	0	0	0
/input/intro-notes/StructureDefinition-mii-pr-lungenfunktion-dosis-intro.md	403	-	-	-	0	0	0	0	0	0	0	0	0	0	0	0	0	0	0	0	0	0	0	0	0	0	0	0	0
/input/intro-notes/StructureDefinition-mii-pr-lungenfunktion-diffusion-intro.md	375	-	-	-	0	0	0	0	0	0	0	0	0	0	0	0	0	0	0	0	0	0	1	0	0	0	0	0	0
/input/intro-notes/StructureDefinition-mii-pr-lungenfunktion-provokationstest-messung-intro.md	337	-	-	-	0	0	0	0	0	0	0	0	0	0	0	0	0	0	0	0	0	0	0	0	0	0	0	0	0
/input/intro-notes/StructureDefinition-mii-pr-lungenfunktion-dosis-gabe-intro.md	362	-	-	-	0	0	0	0	0	0	0	0	0	0	0	0	0	0	0	0	0	0	0	0	0	0	0	0	0
/input/intro-notes/StructureDefinition-mii-pr-lungenfunktion-r-intro.md	347	-	-	-	0	0	0	0	0	0	0	0	0	0	0	0	0	0	0	0	0	0	0	0	0	0	0	0	0
/input/intro-notes/StructureDefinition-mii-pr-lungenfunktion-luftfeuchtigkeit-intro.md	362	-	-	-	0	0	0	0	0	0	0	0	0	0	0	0	0	0	0	0	0	0	1	0	0	0	0	0	0
/input/intro-notes/StructureDefinition-mii-pr-lungenfunktion-fev-intro.md	337	-	-	-	0	0	0	0	0	0	0	0	0	0	0	0	0	0	0	0	0	0	0	0	0	0	0	0	0
/input/intro-notes/StructureDefinition-mii-pr-lungenfunktion-umgebung-intro.md	330	-	-	-	0	0	0	0	0	0	0	0	0	0	0	0	0	0	0	0	0	0	0	0	0	0	0	0	0
/input/intro-notes/StructureDefinition-mii-pr-lungenfunktion-rvl-tlc-intro.md	374	-	-	-	0	0	0	0	0	0	0	0	0	0	0	0	0	0	0	0	0	0	0	0	0	0	0	0	0
/input/intro-notes/StructureDefinition-mii-pr-lungenfunktion-bf-intro.md	331	-	-	-	0	0	0	0	0	0	0	0	0	0	0	0	0	0	0	0	0	0	0	0	0	0	0	0	0
/input/intro-notes/StructureDefinition-mii-pr-lungenfunktion-fev-fvc-intro.md	491	-	-	-	0	0	0	0	0	0	0	0	0	0	0	0	0	0	0	0	0	0	1	0	0	0	0	0	0
/input/intro-notes/StructureDefinition-mii-pr-lungenfunktion-vc-intro.md	326	-	-	-	0	0	0	0	0	0	0	0	0	0	0	0	0	0	0	0	0	0	0	0	0	0	0	0	0
/input/intro-notes/StructureDefinition-mii-pr-lungenfunktion-kco-intro.md	428	-	-	-	0	0	0	0	0	0	0	0	0	0	0	0	0	0	0	0	0	0	0	0	0	0	0	0	0
/input/intro-notes/StructureDefinition-mii-pr-lungenfunktion-spirometrie-intro.md	369	-	-	-	0	0	0	0	0	0	0	0	0	0	0	0	0	0	0	0	0	0	0	0	0	0	0	0	0
/input/intro-notes/StructureDefinition-mii-pr-lungenfunktion-hb-intro.md	327	-	-	-	0	0	0	0	0	0	0	0	0	0	0	0	0	0	0	0	0	0	0	0	0	0	0	0	0
/input/intro-notes/StructureDefinition-mii-pr-lungenfunktion-bodyplethysmographie-messung-intro.md	347	-	-	-	0	0	0	0	0	0	0	0	0	0	0	0	0	0	0	0	0	0	0	0	0	0	0	0	0
/input/intro-notes/StructureDefinition-mii-pr-lungenfunktion-fvc-intro.md	334	-	-	-	0	0	0	0	0	0	0	0	0	0	0	0	0	0	0	0	0	0	0	0	0	0	0	0	0
/input/intro-notes/StructureDefinition-mii-pr-lungenfunktion-dlcoc-intro.md	438	-	-	-	0	0	0	0	0	0	0	0	0	0	0	0	0	0	0	0	0	0	1	0	0	0	0	0	0
/input/intro-notes/StructureDefinition-mii-pr-lungenfunktion-sg-total-intro.md	358	-	-	-	0	0	0	0	0	0	0	0	0	0	0	0	0	0	0	0	0	0	0	0	0	0	0	0	0
/input/intro-notes/StructureDefinition-mii-pr-lungenfunktion-pef-intro.md	333	-	-	-	0	0	0	0	0	0	0	0	0	0	0	0	0	0	0	0	0	0	0	0	0	0	0	0	0
/input/intro-notes/StructureDefinition-mii-pr-lungenfunktion-lufttemperatur-intro.md	363	-	-	-	0	0	0	0	0	0	0	0	0	0	0	0	0	0	0	0	0	0	0	0	0	0	0	0	0
/input/intro-notes/StructureDefinition-mii-pr-lungenfunktion-frc-intro.md	350	-	-	-	0	0	0	0	0	0	0	0	0	0	0	0	0	0	0	0	0	0	0	0	0	0	0	0	0
/input/intro-notes/StructureDefinition-mii-pr-lungenfunktion-mef-intro.md	475	-	-	-	0	0	0	0	0	0	0	0	0	0	0	0	0	0	0	0	0	0	1	0	0	0	0	0	0
/input/pagecontent/logical-models.md	1909	-	-	-	0	0	0	0	0	0	0	0	0	0	0	0	0	0	0	0	0	0	0	0	0	0	0	0	0
/input/pagecontent/examples.md	1871	-	-	-	0	0	0	0	0	0	0	0	0	0	0	0	0	0	0	0	0	0	0	0	0	0	0	0	0
/input/pagecontent/ImplementationGuide-mii-ig-lungenfunktion.md	3504	-	-	-	0	0	0	0	0	0	0	0	0	0	0	0	0	0	0	0	0	0	1	0	0	0	0	0	0
/input/pagecontent/changes.md	4901	-	-	-	0	0	0	0	0	0	0	0	0	0	0	0	0	0	0	0	0	0	1	0	0	0	0	0	0
/input/pagecontent/guidance.md	8026	-	-	-	0	0	0	0	0	0	0	0	0	0	0	0	0	0	0	0	0	0	0	0	0	0	0	0	0
/input/pagecontent/profiles.md	6422	-	-	-	0	0	0	0	0	0	0	0	0	0	0	0	0	0	0	0	0	0	1	0	0	0	0	0	0
/input/pagecontent/index.md	6113	-	-	-	0	0	0	0	0	0	0	0	0	0	0	0	0	0	0	0	0	0	0	0	0	0	0	0	0
/input/pagecontent/value-sets.md	2880	-	-	-	0	0	0	0	0	0	0	0	0	0	0	0	0	0	0	0	0	0	1	0	0	0	0	0	0
/input/pagecontent/translationinfo.md	1656	-	-	-	0	0	0	0	0	0	0	0	0	0	0	0	0	0	0	0	0	0	0	0	0	0	0	0	0
/input/pagecontent/downloads.md	2775	-	-	-	0	0	0	0	0	0	0	0	0	0	0	0	0	0	0	0	0	0	0	0	0	0	0	0	0
/input/pagecontent/security-and-privacy.md	4308	-	-	-	0	0	0	0	0	0	0	0	0	0	0	0	0	0	0	0	0	0	0	0	0	0	0	0	0
/input/pagecontent/metadata.md	21949	-	-	-	0	0	0	0	0	0	0	0	0	0	0	0	0	0	0	0	0	0	2	0	0	0	0	0	0
/input/pagecontent/implementer-guidance.md	7715	-	-	-	0	0	0	0	0	0	0	0	0	0	0	0	0	0	0	0	0	0	0	0	0	0	0	0	0
/input/pagecontent/version-history.md	4407	-	-	-	0	0	0	0	0	0	0	0	0	0	0	0	0	0	0	0	0	0	1	0	0	0	0	0	0
/input/pagecontent/uml-diagrams.md	970	-	-	-	0	0	0	0	0	0	0	0	0	0	0	0	0	0	0	0	0	0	0	0	0	0	0	0	0
/input/pagecontent/capability-statements.md	2061	-	-	-	0	0	0	0	0	0	0	0	0	0	0	0	0	0	0	0	0	0	1	0	0	0	0	0	0
/input/intro-notes	0	-	-	-	0	0	0	0	0	0	0	0	0	0	0	0	0	0	0	0	0	0	0	0	0	0	0	0	0
/input/intro-notes/StructureDefinition-mii-pr-lungenfunktion-r-spezifisch-intro.md	357	-	-	-	0	0	0	0	0	0	0	0	0	0	0	0	0	0	0	0	0	0	0	0	0	0	0	0	0
/input/intro-notes/StructureDefinition-mii-pr-lungenfunktion-bodyplethysmographie-intro.md	388	-	-	-	0	0	0	0	0	0	0	0	0	0	0	0	0	0	0	0	0	0	1	0	0	0	0	0	0
/input/intro-notes/StructureDefinition-mii-pr-lungenfunktion-dlco-intro.md	362	-	-	-	0	0	0	0	0	0	0	0	0	0	0	0	0	0	0	0	0	0	0	0	0	0	0	0	0
/input/intro-notes/StructureDefinition-mii-pr-lungenfunktion-co2-konzentration-intro.md	368	-	-	-	0	0	0	0	0	0	0	0	0	0	0	0	0	0	0	0	0	0	0	0	0	0	0	0	0
/input/intro-notes/StructureDefinition-mii-pr-lungenfunktion-tlc-intro.md	341	-	-	-	0	0	0	0	0	0	0	0	0	0	0	0	0	0	0	0	0	0	0	0	0	0	0	0	0
/input/intro-notes/StructureDefinition-mii-pr-lungenfunktion-r-effektiv-intro.md	363	-	-	-	0	0	0	0	0	0	0	0	0	0	0	0	0	0	0	0	0	0	0	0	0	0	0	0	0
/input/intro-notes/StructureDefinition-mii-pr-lungenfunktion-ic-intro.md	332	-	-	-	0	0	0	0	0	0	0	0	0	0	0	0	0	0	0	0	0	0	1	0	0	0	0	0	0
/input/intro-notes/StructureDefinition-mii-pr-lungenfunktion-irv-intro.md	327	-	-	-	0	0	0	0	0	0	0	0	0	0	0	0	0	0	0	0	0	0	0	0	0	0	0	0	0
/input/intro-notes/StructureDefinition-mii-pr-lungenfunktion-methacholine-intro.md	320	-	-	-	0	0	0	0	0	0	0	0	0	0	0	0	0	0	0	0	0	0	0	0	0	0	0	0	0
/input/intro-notes/StructureDefinition-mii-pr-lungenfunktion-provokationstest-intro.md	390	-	-	-	0	0	0	0	0	0	0	0	0	0	0	0	0	0	0	0	0	0	0	0	0	0	0	0	0
/input/intro-notes/StructureDefinition-mii-pr-lungenfunktion-rvl-intro.md	337	-	-	-	0	0	0	0	0	0	0	0	0	0	0	0	0	0	0	0	0	0	0	0	0	0	0	0	0
/input/intro-notes/StructureDefinition-mii-pr-lungenfunktion-va-intro.md	325	-	-	-	0	0	0	0	0	0	0	0	0	0	0	0	0	0	0	0	0	0	1	0	0	0	0	0	0
/input/intro-notes/StructureDefinition-mii-pr-lungenfunktion-spirometrie-messung-intro.md	328	-	-	-	0	0	0	0	0	0	0	0	0	0	0	0	0	0	0	0	0	0	0	0	0	0	0	0	0
/input/intro-notes/StructureDefinition-mii-pr-lungenfunktion-diffusion-messung-intro.md	334	-	-	-	0	0	0	0	0	0	0	0	0	0	0	0	0	0	0	0	0	0	0	0	0	0	0	0	0
/input/intro-notes/StructureDefinition-mii-pr-lungenfunktion-kcoc-intro.md	513	-	-	-	0	0	0	0	0	0	0	0	0	0	0	0	0	0	0	0	0	0	0	0	0	0	0	0	0
/input/intro-notes/StructureDefinition-mii-pr-lungenfunktion-dosis-intro.md	403	-	-	-	0	0	0	0	0	0	0	0	0	0	0	0	0	0	0	0	0	0	0	0	0	0	0	0	0
/input/intro-notes/StructureDefinition-mii-pr-lungenfunktion-diffusion-intro.md	375	-	-	-	0	0	0	0	0	0	0	0	0	0	0	0	0	0	0	0	0	0	1	0	0	0	0	0	0
/input/intro-notes/StructureDefinition-mii-pr-lungenfunktion-provokationstest-messung-intro.md	337	-	-	-	0	0	0	0	0	0	0	0	0	0	0	0	0	0	0	0	0	0	0	0	0	0	0	0	0
/input/intro-notes/StructureDefinition-mii-pr-lungenfunktion-dosis-gabe-intro.md	362	-	-	-	0	0	0	0	0	0	0	0	0	0	0	0	0	0	0	0	0	0	0	0	0	0	0	0	0
/input/intro-notes/StructureDefinition-mii-pr-lungenfunktion-r-intro.md	347	-	-	-	0	0	0	0	0	0	0	0	0	0	0	0	0	0	0	0	0	0	0	0	0	0	0	0	0
/input/intro-notes/StructureDefinition-mii-pr-lungenfunktion-luftfeuchtigkeit-intro.md	362	-	-	-	0	0	0	0	0	0	0	0	0	0	0	0	0	0	0	0	0	0	0	0	0	0	0	0	0
/input/intro-notes/StructureDefinition-mii-pr-lungenfunktion-fev-intro.md	337	-	-	-	0	0	0	0	0	0	0	0	0	0	0	0	0	0	0	0	0	0	0	0	0	0	0	0	0
/input/intro-notes/StructureDefinition-mii-pr-lungenfunktion-umgebung-intro.md	330	-	-	-	0	0	0	0	0	0	0	0	0	0	0	0	0	0	0	0	0	0	1	0	0	0	0	0	0
/input/intro-notes/StructureDefinition-mii-pr-lungenfunktion-rvl-tlc-intro.md	374	-	-	-	0	0	0	0	0	0	0	0	0	0	0	0	0	0	0	0	0	0	0	0	0	0	0	0	0
/input/intro-notes/StructureDefinition-mii-pr-lungenfunktion-bf-intro.md	331	-	-	-	0	0	0	0	0	0	0	0	0	0	0	0	0	0	0	0	0	0	0	0	0	0	0	0	0
/input/intro-notes/StructureDefinition-mii-pr-lungenfunktion-fev-fvc-intro.md	491	-	-	-	0	0	0	0	0	0	0	0	0	0	0	0	0	0	0	0	0	0	0	0	0	0	0	0	0
/input/intro-notes/StructureDefinition-mii-pr-lungenfunktion-vc-intro.md	326	-	-	-	0	0	0	0	0	0	0	0	0	0	0	0	0	0	0	0	0	0	0	0	0	0	0	0	0
/input/intro-notes/StructureDefinition-mii-pr-lungenfunktion-kco-intro.md	428	-	-	-	0	0	0	0	0	0	0	0	0	0	0	0	0	0	0	0	0	0	0	0	0	0	0	0	0
/input/intro-notes/StructureDefinition-mii-pr-lungenfunktion-spirometrie-intro.md	369	-	-	-	0	0	0	0	0	0	0	0	0	0	0	0	0	0	0	0	0	0	1	0	0	0	0	0	0
/input/intro-notes/StructureDefinition-mii-pr-lungenfunktion-hb-intro.md	327	-	-	-	0	0	0	0	0	0	0	0	0	0	0	0	0	0	0	0	0	0	0	0	0	0	0	0	0
/input/intro-notes/StructureDefinition-mii-pr-lungenfunktion-bodyplethysmographie-messung-intro.md	347	-	-	-	0	0	0	0	0	0	0	0	0	0	0	0	0	0	0	0	0	0	0	0	0	0	0	0	0
/input/intro-notes/StructureDefinition-mii-pr-lungenfunktion-fvc-intro.md	334	-	-	-	0	0	0	0	0	0	0	0	0	0	0	0	0	0	0	0	0	0	0	0	0	0	0	0	0
/input/intro-notes/StructureDefinition-mii-pr-lungenfunktion-dlcoc-intro.md	438	-	-	-	0	0	0	0	0	0	0	0	0	0	0	0	0	0	0	0	0	0	0	0	0	0	0	0	0
/input/intro-notes/StructureDefinition-mii-pr-lungenfunktion-sg-total-intro.md	358	-	-	-	0	0	0	0	0	0	0	0	0	0	0	0	0	0	0	0	0	0	1	0	0	0	0	0	0
/input/intro-notes/StructureDefinition-mii-pr-lungenfunktion-pef-intro.md	333	-	-	-	0	0	0	0	0	0	0	0	0	0	0	0	0	0	0	0	0	0	0	0	0	0	0	0	0
/input/intro-notes/StructureDefinition-mii-pr-lungenfunktion-lufttemperatur-intro.md	363	-	-	-	0	0	0	0	0	0	0	0	0	0	0	0	0	0	0	0	0	0	0	0	0	0	0	0	0
/input/intro-notes/StructureDefinition-mii-pr-lungenfunktion-frc-intro.md	350	-	-	-	0	0	0	0	0	0	0	0	0	0	0	0	0	0	0	0	0	0	0	0	0	0	0	0	0
/input/intro-notes/StructureDefinition-mii-pr-lungenfunktion-mef-intro.md	475	-	-	-	0	0	0	0	0	0	0	0	0	0	0	0	0	0	0	0	0	0	0	0	0	0	0	0	0
/template/config	0	-	-	-	0	0	0	0	0	0	0	0	0	0	0	0	0	0	0	0	0	0	1	0	0	0	0	0	0
/template/config/_config.yml	140	-	-	-	0	0	0	0	0	0	0	0	0	0	0	0	0	0	0	0	0	0	0	0	0	0	0	0	0
/input/images	0	-	-	-	0	0	0	0	0	0	0	0	0	0	0	0	0	0	0	0	0	0	0	0	0	0	0	0	0
/input/images/UML_KDS_Lufu.png	180554	-	-	-	0	0	0	0	0	0	0	0	0	0	0	0	0	0	0	0	0	0	1	0	0	0	0	0	0
/temp/pages/_includes/artifacts.xml	86534	-	-	-	-	-	-	-	-	-	-	-	-	-	-	-	-	-	-	-	-	-	4	0	0	0	0	0	0
