id	layer	check	verdict	subject	evidence	autofix	action
C1-23a492	conservation	C1	IDENTISCH	145 source artefacts	all present in fsh-generated, matched by id or canonical url (source: fsh-generated/resources)	-	-
C2-bd3456	conservation	C2	NICHT PRUEFBAR	artifact index	no rendered output with an artifacts.html under output	-	build the IG (step 7), then re-run verification
C3-2e4ab3	conservation	C3	IDENTISCH	BeschreibungvonSzenarienfrdieAnwendungderModule.page.md	migrated -> input/pagecontent/guidance.md (input/pagecontent/guidance.md)	-	-
C3-44193b	conservation	C3	IDENTISCH	Datensaetze_inkl._Beschreibungen.page.md	migrated -> input/pagecontent/logical-models.md (input/pagecontent/logical-models.md)	-	-
C3-d2d566	conservation	C3	IDENTISCH	AnwendungsflleInformationsmodell/Index.page.md	retired: Leerseite ('absichtlich leer gelassen') - Containerfunktion uebernimmt das Menue	-	-
C3-fcd593	conservation	C3	IDENTISCH	UML.page.md	migrated -> input/pagecontent/uml-diagrams.md (input/pagecontent/uml-diagrams.md)	-	-
C3-1d126d	conservation	C3	IDENTISCH	BeschreibungModul.page.md	migrated -> input/pagecontent/index.md (input/pagecontent/index.md)	-	-
C3-0df073	conservation	C3	IDENTISCH	MIIIGModulLungenfunktion/Index.page.md	migrated -> input/pagecontent/index.md (input/pagecontent/index.md)	-	-
C3-c7063c	conservation	C3	IDENTISCH	KontextimGesamtprojektBezgezuanderenModulen.page.md	migrated -> input/pagecontent/implementer-guidance.md (input/pagecontent/implementer-guidance.md)	-	-
C3-b75bba	conservation	C3	IDENTISCH	Referenzen.page.md	migrated -> input/pagecontent/implementer-guidance.md (input/pagecontent/implementer-guidance.md)	-	-
C3-126e79	conservation	C3	IDENTISCH	Release-Notes.page.md	migrated -> input/pagecontent/changes.md (input/pagecontent/changes.md)	-	-
C3-32eff4	conservation	C3	IDENTISCH	CapabilityStatement.page.md	migrated -> input/pagecontent/capability-statements.md (input/pagecontent/capability-statements.md)	-	-
C3-683b47	conservation	C3	IDENTISCH	Bodyplethysmographie/Index.page.md	migrated -> input/pagecontent/profiles.md (input/pagecontent/profiles.md)	-	-
C3-40e1a5	conservation	C3	IDENTISCH	FRC.page.md	migrated -> input/intro-notes/StructureDefinition-mii-pr-lungenfunktion-frc-intro.md (input/intro-notes/StructureDefinition-mii-pr-lungenfunktion-frc-intro.md)	-	-
C3-b41d88	conservation	C3	IDENTISCH	RVL.page.md	migrated -> input/intro-notes/StructureDefinition-mii-pr-lungenfunktion-rvl-intro.md (input/intro-notes/StructureDefinition-mii-pr-lungenfunktion-rvl-intro.md)	-	-
C3-c98ea0	conservation	C3	IDENTISCH	RVLTLC.page.md	migrated -> input/intro-notes/StructureDefinition-mii-pr-lungenfunktion-rvl-tlc-intro.md (input/intro-notes/StructureDefinition-mii-pr-lungenfunktion-rvl-tlc-intro.md)	-	-
C3-6d9447	conservation	C3	IDENTISCH	R_tot.page.md	migrated -> input/intro-notes/StructureDefinition-mii-pr-lungenfunktion-r-intro.md (input/intro-notes/StructureDefinition-mii-pr-lungenfunktion-r-intro.md)	-	-
C3-d6f97a	conservation	C3	IDENTISCH	TLC.page.md	migrated -> input/intro-notes/StructureDefinition-mii-pr-lungenfunktion-tlc-intro.md (input/intro-notes/StructureDefinition-mii-pr-lungenfunktion-tlc-intro.md)	-	-
C3-a2bb1e	conservation	C3	IDENTISCH	sG_tot.page.md	migrated -> input/intro-notes/StructureDefinition-mii-pr-lungenfunktion-sg-total-intro.md (input/intro-notes/StructureDefinition-mii-pr-lungenfunktion-sg-total-intro.md)	-	-
C3-2fa71c	conservation	C3	IDENTISCH	sR_eff.page.md	migrated -> input/intro-notes/StructureDefinition-mii-pr-lungenfunktion-r-effektiv-intro.md (input/intro-notes/StructureDefinition-mii-pr-lungenfunktion-r-effektiv-intro.md)	-	-
C3-048b47	conservation	C3	IDENTISCH	sR_tot.page.md	migrated -> input/intro-notes/StructureDefinition-mii-pr-lungenfunktion-r-spezifisch-intro.md (input/intro-notes/StructureDefinition-mii-pr-lungenfunktion-r-spezifisch-intro.md)	-	-
C3-5ee0e1	conservation	C3	IDENTISCH	Bodyplethysmographie/Procedure.page.md	migrated -> input/intro-notes/StructureDefinition-mii-pr-lungenfunktion-bodyplethysmographie-messung-intro.md (input/intro-notes/StructureDefinition-mii-pr-lungenfunktion-bodyplethysmographie-messung-intro.md)	-	-
C3-a7361a	conservation	C3	IDENTISCH	Bodyplethysmographie/Report.page.md	migrated -> input/intro-notes/StructureDefinition-mii-pr-lungenfunktion-bodyplethysmographie-intro.md (input/intro-notes/StructureDefinition-mii-pr-lungenfunktion-bodyplethysmographie-intro.md)	-	-
C3-fcfd3f	conservation	C3	IDENTISCH	Diffusion/Index.page.md	migrated -> input/pagecontent/profiles.md (input/pagecontent/profiles.md)	-	-
C3-53082f	conservation	C3	IDENTISCH	DLCO.page.md	migrated -> input/intro-notes/StructureDefinition-mii-pr-lungenfunktion-dlco-intro.md (input/intro-notes/StructureDefinition-mii-pr-lungenfunktion-dlco-intro.md)	-	-
C3-d90357	conservation	C3	IDENTISCH	DLCOc.page.md	migrated -> input/intro-notes/StructureDefinition-mii-pr-lungenfunktion-dlcoc-intro.md (input/intro-notes/StructureDefinition-mii-pr-lungenfunktion-dlcoc-intro.md)	-	-
C3-33700f	conservation	C3	IDENTISCH	Hb.page.md	migrated -> input/intro-notes/StructureDefinition-mii-pr-lungenfunktion-hb-intro.md (input/intro-notes/StructureDefinition-mii-pr-lungenfunktion-hb-intro.md)	-	-
C3-28e5c2	conservation	C3	IDENTISCH	KCO.page.md	migrated -> input/intro-notes/StructureDefinition-mii-pr-lungenfunktion-kco-intro.md (input/intro-notes/StructureDefinition-mii-pr-lungenfunktion-kco-intro.md)	-	-
C3-f5d58b	conservation	C3	IDENTISCH	KCOc.page.md	migrated -> input/intro-notes/StructureDefinition-mii-pr-lungenfunktion-kcoc-intro.md (input/intro-notes/StructureDefinition-mii-pr-lungenfunktion-kcoc-intro.md)	-	-
C3-ad6806	conservation	C3	IDENTISCH	VA.page.md	migrated -> input/intro-notes/StructureDefinition-mii-pr-lungenfunktion-va-intro.md (input/intro-notes/StructureDefinition-mii-pr-lungenfunktion-va-intro.md)	-	-
C3-372b30	conservation	C3	IDENTISCH	Diffusion/Procedure.page.md	migrated -> input/intro-notes/StructureDefinition-mii-pr-lungenfunktion-diffusion-messung-intro.md (input/intro-notes/StructureDefinition-mii-pr-lungenfunktion-diffusion-messung-intro.md)	-	-
C3-3d4b91	conservation	C3	IDENTISCH	Diffusion/Report.page.md	migrated -> input/intro-notes/StructureDefinition-mii-pr-lungenfunktion-diffusion-intro.md (input/intro-notes/StructureDefinition-mii-pr-lungenfunktion-diffusion-intro.md)	-	-
C3-880292	conservation	C3	IDENTISCH	FHIR-Profile/Index.page.md	migrated -> input/pagecontent/profiles.md (input/pagecontent/profiles.md)	-	-
C3-f6ce42	conservation	C3	IDENTISCH	Dosis.page.md	migrated -> input/intro-notes/StructureDefinition-mii-pr-lungenfunktion-dosis-intro.md (input/intro-notes/StructureDefinition-mii-pr-lungenfunktion-dosis-intro.md)	-	-
C3-efb8ff	conservation	C3	IDENTISCH	Provokationstest/Index.page.md	migrated -> input/pagecontent/profiles.md (input/pagecontent/profiles.md)	-	-
C3-3ff03c	conservation	C3	IDENTISCH	Medikation.page.md	migrated -> input/intro-notes/StructureDefinition-mii-pr-lungenfunktion-methacholine-intro.md (input/intro-notes/StructureDefinition-mii-pr-lungenfunktion-methacholine-intro.md)	-	-
C3-a8cf67	conservation	C3	IDENTISCH	Provokationstest/Procedure.page.md	migrated -> input/intro-notes/StructureDefinition-mii-pr-lungenfunktion-provokationstest-messung-intro.md (input/intro-notes/StructureDefinition-mii-pr-lungenfunktion-provokationstest-messung-intro.md)	-	-
C3-0f430a	conservation	C3	IDENTISCH	Provokationsgabe.page.md	migrated -> input/intro-notes/StructureDefinition-mii-pr-lungenfunktion-dosis-gabe-intro.md (input/intro-notes/StructureDefinition-mii-pr-lungenfunktion-dosis-gabe-intro.md)	-	-
C3-8ee42f	conservation	C3	IDENTISCH	Provokationstest/Report.page.md	migrated -> input/intro-notes/StructureDefinition-mii-pr-lungenfunktion-provokationstest-intro.md (input/intro-notes/StructureDefinition-mii-pr-lungenfunktion-provokationstest-intro.md)	-	-
C3-1931ac	conservation	C3	IDENTISCH	Spirometrie/Index.page.md	migrated -> input/pagecontent/profiles.md (input/pagecontent/profiles.md)	-	-
C3-c16065	conservation	C3	IDENTISCH	BF.page.md	migrated -> input/intro-notes/StructureDefinition-mii-pr-lungenfunktion-bf-intro.md (input/intro-notes/StructureDefinition-mii-pr-lungenfunktion-bf-intro.md)	-	-
C3-cf91a5	conservation	C3	IDENTISCH	FEV.page.md	migrated -> input/intro-notes/StructureDefinition-mii-pr-lungenfunktion-fev-intro.md (input/intro-notes/StructureDefinition-mii-pr-lungenfunktion-fev-intro.md)	-	-
C3-55fc64	conservation	C3	IDENTISCH	FEVFVC.page.md	migrated -> input/intro-notes/StructureDefinition-mii-pr-lungenfunktion-fev-fvc-intro.md (input/intro-notes/StructureDefinition-mii-pr-lungenfunktion-fev-fvc-intro.md)	-	-
C3-b20197	conservation	C3	IDENTISCH	FVC.page.md	migrated -> input/intro-notes/StructureDefinition-mii-pr-lungenfunktion-fvc-intro.md (input/intro-notes/StructureDefinition-mii-pr-lungenfunktion-fvc-intro.md)	-	-
C3-b09aa6	conservation	C3	IDENTISCH	IC.page.md	migrated -> input/intro-notes/StructureDefinition-mii-pr-lungenfunktion-ic-intro.md (input/intro-notes/StructureDefinition-mii-pr-lungenfunktion-ic-intro.md)	-	-
C3-6e09d3	conservation	C3	IDENTISCH	MEF.page.md	migrated -> input/intro-notes/StructureDefinition-mii-pr-lungenfunktion-mef-intro.md (input/intro-notes/StructureDefinition-mii-pr-lungenfunktion-mef-intro.md)	-	-
C3-2dbbca	conservation	C3	IDENTISCH	PEF.page.md	migrated -> input/intro-notes/StructureDefinition-mii-pr-lungenfunktion-pef-intro.md (input/intro-notes/StructureDefinition-mii-pr-lungenfunktion-pef-intro.md)	-	-
C3-1cedaf	conservation	C3	IDENTISCH	RV.page.md	migrated -> input/intro-notes/StructureDefinition-mii-pr-lungenfunktion-irv-intro.md (input/intro-notes/StructureDefinition-mii-pr-lungenfunktion-irv-intro.md)	-	-
C3-48ee64	conservation	C3	IDENTISCH	VC.page.md	migrated -> input/intro-notes/StructureDefinition-mii-pr-lungenfunktion-vc-intro.md (input/intro-notes/StructureDefinition-mii-pr-lungenfunktion-vc-intro.md)	-	-
C3-8a4010	conservation	C3	IDENTISCH	Spirometrie/Procedure.page.md	migrated -> input/intro-notes/StructureDefinition-mii-pr-lungenfunktion-spirometrie-messung-intro.md (input/intro-notes/StructureDefinition-mii-pr-lungenfunktion-spirometrie-messung-intro.md)	-	-
C3-49038c	conservation	C3	IDENTISCH	Spirometrie/Report.page.md	migrated -> input/intro-notes/StructureDefinition-mii-pr-lungenfunktion-spirometrie-intro.md (input/intro-notes/StructureDefinition-mii-pr-lungenfunktion-spirometrie-intro.md)	-	-
C3-54bdec	conservation	C3	IDENTISCH	CO2-Konzentration.page.md	migrated -> input/intro-notes/StructureDefinition-mii-pr-lungenfunktion-co2-konzentration-intro.md (input/intro-notes/StructureDefinition-mii-pr-lungenfunktion-co2-konzentration-intro.md)	-	-
C3-787f1a	conservation	C3	IDENTISCH	Umgebungsvariablen/Index.page.md	migrated -> input/pagecontent/profiles.md (input/pagecontent/profiles.md)	-	-
C3-bfafec	conservation	C3	IDENTISCH	Luftfeuchtigkeit.page.md	migrated -> input/intro-notes/StructureDefinition-mii-pr-lungenfunktion-luftfeuchtigkeit-intro.md (input/intro-notes/StructureDefinition-mii-pr-lungenfunktion-luftfeuchtigkeit-intro.md)	-	-
C3-8a6d1e	conservation	C3	IDENTISCH	Lufttemperatur.page.md	migrated -> input/intro-notes/StructureDefinition-mii-pr-lungenfunktion-lufttemperatur-intro.md (input/intro-notes/StructureDefinition-mii-pr-lungenfunktion-lufttemperatur-intro.md)	-	-
C3-e68c75	conservation	C3	IDENTISCH	Umgebung.page.md	migrated -> input/intro-notes/StructureDefinition-mii-pr-lungenfunktion-umgebung-intro.md (input/intro-notes/StructureDefinition-mii-pr-lungenfunktion-umgebung-intro.md)	-	-
C3-2fe7d8	conservation	C3	IDENTISCH	TechnischeImplementierung/Index.page.md	retired: Leerseite ('absichtlich leer gelassen') - Containerfunktion uebernimmt das Menue	-	-
C3-d04b32	conservation	C3	IDENTISCH	Terminologien.page.md	migrated -> input/pagecontent/value-sets.md (input/pagecontent/value-sets.md)	-	-
C4-7b2767	conservation	C4	NICHT PRUEFBAR	AnwendungsflleInformationsmodell/Index.page.md	the source page carries NO prose -- 0 generated table row(s) only	-	conservation of a generated view is not a text question; confirm the artefact page replaces it (R1)
C4-14eb4f	conservation	C4	NICHT PRUEFBAR	BF.page.md	the source page embeds an element-tree rendering (5 occurrences of the renderer's marker); 2 of 3 runs are in no target page, but prose and rendered view cannot be told apart in it	-	read the page against its target: migration replaces the VIEW with the artefact page (R1), so only its prose has to be conserved -- and only a human can say which is which here
C4-811435	conservation	C4	DIVERGIERT	BeschreibungModul.page.md	4 of 30 PROSE runs of the source page are in no target page (first: Es ist Bestandteil der Erweiterungsmodule des Kerndatensatze…); 6 generated table row(s) excluded -- migration replaces that view with the artefact page (R1 checks THAT)	-	map the missing text to a target page section, or record the loss in the report's content map
C4-e4b03b	conservation	C4	IDENTISCH	BeschreibungvonSzenarienfrdieAnwendungderModule.page.md	all 26 prose runs present in the target's de corpus	-	-
C4-b3ff9c	conservation	C4	NICHT PRUEFBAR	Bodyplethysmographie/Index.page.md	the source page carries NO prose -- 0 generated table row(s) only	-	conservation of a generated view is not a text question; confirm the artefact page replaces it (R1)
C4-83a2af	conservation	C4	NICHT PRUEFBAR	Bodyplethysmographie/Procedure.page.md	the source page embeds an element-tree rendering (5 occurrences of the renderer's marker); 2 of 3 runs are in no target page, but prose and rendered view cannot be told apart in it	-	read the page against its target: migration replaces the VIEW with the artefact page (R1), so only its prose has to be conserved -- and only a human can say which is which here
C4-24bf74	conservation	C4	NICHT PRUEFBAR	Bodyplethysmographie/Report.page.md	the source page embeds an element-tree rendering (5 occurrences of the renderer's marker); 2 of 4 runs are in no target page, but prose and rendered view cannot be told apart in it	-	read the page against its target: migration replaces the VIEW with the artefact page (R1), so only its prose has to be conserved -- and only a human can say which is which here
C4-7cc045	conservation	C4	NICHT PRUEFBAR	CO2-Konzentration.page.md	the source page embeds an element-tree rendering (5 occurrences of the renderer's marker); 2 of 3 runs are in no target page, but prose and rendered view cannot be told apart in it	-	read the page against its target: migration replaces the VIEW with the artefact page (R1), so only its prose has to be conserved -- and only a human can say which is which here
C4-196ae3	conservation	C4	DIVERGIERT	CapabilityStatement.page.md	4 of 6 PROSE runs of the source page are in no target page (first: ## Um eine dezentrale Datenauswertung mittels des Deutsche F…)	-	map the missing text to a target page section, or record the loss in the report's content map
C4-867830	conservation	C4	NICHT PRUEFBAR	DLCO.page.md	the source page embeds an element-tree rendering (5 occurrences of the renderer's marker); 2 of 3 runs are in no target page, but prose and rendered view cannot be told apart in it	-	read the page against its target: migration replaces the VIEW with the artefact page (R1), so only its prose has to be conserved -- and only a human can say which is which here
C4-97d57a	conservation	C4	NICHT PRUEFBAR	DLCOc.page.md	the source page embeds an element-tree rendering (5 occurrences of the renderer's marker); 2 of 4 runs are in no target page, but prose and rendered view cannot be told apart in it	-	read the page against its target: migration replaces the VIEW with the artefact page (R1), so only its prose has to be conserved -- and only a human can say which is which here
C4-2e7ff2	conservation	C4	IDENTISCH	Datensaetze_inkl._Beschreibungen.page.md	all 9 prose runs present in the target's de corpus	-	-
C4-22d4dc	conservation	C4	NICHT PRUEFBAR	Diffusion/Index.page.md	the source page carries NO prose -- 0 generated table row(s) only	-	conservation of a generated view is not a text question; confirm the artefact page replaces it (R1)
C4-b97b9f	conservation	C4	NICHT PRUEFBAR	Diffusion/Procedure.page.md	the source page embeds an element-tree rendering (5 occurrences of the renderer's marker); 2 of 3 runs are in no target page, but prose and rendered view cannot be told apart in it	-	read the page against its target: migration replaces the VIEW with the artefact page (R1), so only its prose has to be conserved -- and only a human can say which is which here
C4-925b80	conservation	C4	NICHT PRUEFBAR	Diffusion/Report.page.md	the source page embeds an element-tree rendering (5 occurrences of the renderer's marker); 2 of 4 runs are in no target page, but prose and rendered view cannot be told apart in it	-	read the page against its target: migration replaces the VIEW with the artefact page (R1), so only its prose has to be conserved -- and only a human can say which is which here
C4-6eb06a	conservation	C4	NICHT PRUEFBAR	Dosis.page.md	the source page embeds an element-tree rendering (5 occurrences of the renderer's marker); 2 of 4 runs are in no target page, but prose and rendered view cannot be told apart in it	-	read the page against its target: migration replaces the VIEW with the artefact page (R1), so only its prose has to be conserved -- and only a human can say which is which here
C4-efbe04	conservation	C4	NICHT PRUEFBAR	FEV.page.md	the source page embeds an element-tree rendering (5 occurrences of the renderer's marker); 2 of 3 runs are in no target page, but prose and rendered view cannot be told apart in it	-	read the page against its target: migration replaces the VIEW with the artefact page (R1), so only its prose has to be conserved -- and only a human can say which is which here
C4-3cb76c	conservation	C4	NICHT PRUEFBAR	FEVFVC.page.md	the source page embeds an element-tree rendering (5 occurrences of the renderer's marker); 2 of 4 runs are in no target page, but prose and rendered view cannot be told apart in it	-	read the page against its target: migration replaces the VIEW with the artefact page (R1), so only its prose has to be conserved -- and only a human can say which is which here
C4-49d110	conservation	C4	DIVERGIERT	FHIR-Profile/Index.page.md	5 of 5 PROSE runs of the source page are in no target page (first: ## FHIR-Profile Die Arbeiten der Kerndatensatzspezifikatione…); 3 generated table row(s) excluded -- migration replaces that view with the artefact page (R1 checks THAT)	-	map the missing text to a target page section, or record the loss in the report's content map
C4-81707e	conservation	C4	NICHT PRUEFBAR	FRC.page.md	the source page embeds an element-tree rendering (5 occurrences of the renderer's marker); 2 of 3 runs are in no target page, but prose and rendered view cannot be told apart in it	-	read the page against its target: migration replaces the VIEW with the artefact page (R1), so only its prose has to be conserved -- and only a human can say which is which here
C4-ec5bd7	conservation	C4	NICHT PRUEFBAR	FVC.page.md	the source page embeds an element-tree rendering (5 occurrences of the renderer's marker); 2 of 3 runs are in no target page, but prose and rendered view cannot be told apart in it	-	read the page against its target: migration replaces the VIEW with the artefact page (R1), so only its prose has to be conserved -- and only a human can say which is which here
C4-7aef82	conservation	C4	NICHT PRUEFBAR	Hb.page.md	the source page embeds an element-tree rendering (5 occurrences of the renderer's marker); 2 of 3 runs are in no target page, but prose and rendered view cannot be told apart in it	-	read the page against its target: migration replaces the VIEW with the artefact page (R1), so only its prose has to be conserved -- and only a human can say which is which here
C4-5c36ef	conservation	C4	NICHT PRUEFBAR	IC.page.md	the source page embeds an element-tree rendering (5 occurrences of the renderer's marker); 2 of 3 runs are in no target page, but prose and rendered view cannot be told apart in it	-	read the page against its target: migration replaces the VIEW with the artefact page (R1), so only its prose has to be conserved -- and only a human can say which is which here
C4-fc2931	conservation	C4	NICHT PRUEFBAR	KCO.page.md	the source page embeds an element-tree rendering (5 occurrences of the renderer's marker); 2 of 4 runs are in no target page, but prose and rendered view cannot be told apart in it	-	read the page against its target: migration replaces the VIEW with the artefact page (R1), so only its prose has to be conserved -- and only a human can say which is which here
C4-e0860e	conservation	C4	NICHT PRUEFBAR	KCOc.page.md	the source page embeds an element-tree rendering (5 occurrences of the renderer's marker); 2 of 5 runs are in no target page, but prose and rendered view cannot be told apart in it	-	read the page against its target: migration replaces the VIEW with the artefact page (R1), so only its prose has to be conserved -- and only a human can say which is which here
C4-6b5222	conservation	C4	IDENTISCH	KontextimGesamtprojektBezgezuanderenModulen.page.md	all 29 prose runs present in the target's de corpus	-	-
C4-98b004	conservation	C4	NICHT PRUEFBAR	Luftfeuchtigkeit.page.md	the source page embeds an element-tree rendering (5 occurrences of the renderer's marker); 2 of 3 runs are in no target page, but prose and rendered view cannot be told apart in it	-	read the page against its target: migration replaces the VIEW with the artefact page (R1), so only its prose has to be conserved -- and only a human can say which is which here
C4-49a45d	conservation	C4	NICHT PRUEFBAR	Lufttemperatur.page.md	the source page embeds an element-tree rendering (5 occurrences of the renderer's marker); 2 of 3 runs are in no target page, but prose and rendered view cannot be told apart in it	-	read the page against its target: migration replaces the VIEW with the artefact page (R1), so only its prose has to be conserved -- and only a human can say which is which here
C4-bc8e28	conservation	C4	NICHT PRUEFBAR	MEF.page.md	the source page embeds an element-tree rendering (5 occurrences of the renderer's marker); 2 of 5 runs are in no target page, but prose and rendered view cannot be told apart in it	-	read the page against its target: migration replaces the VIEW with the artefact page (R1), so only its prose has to be conserved -- and only a human can say which is which here
C4-1b7347	conservation	C4	DIVERGIERT	MIIIGModulLungenfunktion/Index.page.md	6 of 16 PROSE runs of the source page are in no target page (first: Die vorliegende Spezifikation beschreibt die FHIR-Repräsenta…); 6 generated table row(s) excluded -- migration replaces that view with the artefact page (R1 checks THAT)	-	map the missing text to a target page section, or record the loss in the report's content map
C4-3884b9	conservation	C4	NICHT PRUEFBAR	Medikation.page.md	the source page embeds an element-tree rendering (5 occurrences of the renderer's marker); 2 of 3 runs are in no target page, but prose and rendered view cannot be told apart in it	-	read the page against its target: migration replaces the VIEW with the artefact page (R1), so only its prose has to be conserved -- and only a human can say which is which here
C4-37823d	conservation	C4	NICHT PRUEFBAR	PEF.page.md	the source page embeds an element-tree rendering (5 occurrences of the renderer's marker); 2 of 3 runs are in no target page, but prose and rendered view cannot be told apart in it	-	read the page against its target: migration replaces the VIEW with the artefact page (R1), so only its prose has to be conserved -- and only a human can say which is which here
C4-fb68e8	conservation	C4	NICHT PRUEFBAR	Provokationsgabe.page.md	the source page embeds an element-tree rendering (5 occurrences of the renderer's marker); 2 of 3 runs are in no target page, but prose and rendered view cannot be told apart in it	-	read the page against its target: migration replaces the VIEW with the artefact page (R1), so only its prose has to be conserved -- and only a human can say which is which here
C4-16bc5c	conservation	C4	NICHT PRUEFBAR	Provokationstest/Index.page.md	the source page carries NO prose -- 0 generated table row(s) only	-	conservation of a generated view is not a text question; confirm the artefact page replaces it (R1)
C4-4e547c	conservation	C4	NICHT PRUEFBAR	Provokationstest/Procedure.page.md	the source page embeds an element-tree rendering (5 occurrences of the renderer's marker); 2 of 3 runs are in no target page, but prose and rendered view cannot be told apart in it	-	read the page against its target: migration replaces the VIEW with the artefact page (R1), so only its prose has to be conserved -- and only a human can say which is which here
C4-3b309f	conservation	C4	NICHT PRUEFBAR	Provokationstest/Report.page.md	the source page embeds an element-tree rendering (5 occurrences of the renderer's marker); 2 of 4 runs are in no target page, but prose and rendered view cannot be told apart in it	-	read the page against its target: migration replaces the VIEW with the artefact page (R1), so only its prose has to be conserved -- and only a human can say which is which here
C4-1492bc	conservation	C4	NICHT PRUEFBAR	RV.page.md	the source page embeds an element-tree rendering (5 occurrences of the renderer's marker); 2 of 3 runs are in no target page, but prose and rendered view cannot be told apart in it	-	read the page against its target: migration replaces the VIEW with the artefact page (R1), so only its prose has to be conserved -- and only a human can say which is which here
C4-eea74e	conservation	C4	NICHT PRUEFBAR	RVL.page.md	the source page embeds an element-tree rendering (5 occurrences of the renderer's marker); 2 of 3 runs are in no target page, but prose and rendered view cannot be told apart in it	-	read the page against its target: migration replaces the VIEW with the artefact page (R1), so only its prose has to be conserved -- and only a human can say which is which here
C4-ca3565	conservation	C4	NICHT PRUEFBAR	RVLTLC.page.md	the source page embeds an element-tree rendering (5 occurrences of the renderer's marker); 2 of 3 runs are in no target page, but prose and rendered view cannot be told apart in it	-	read the page against its target: migration replaces the VIEW with the artefact page (R1), so only its prose has to be conserved -- and only a human can say which is which here
C4-cb0eec	conservation	C4	NICHT PRUEFBAR	R_tot.page.md	the source page embeds an element-tree rendering (5 occurrences of the renderer's marker); 2 of 3 runs are in no target page, but prose and rendered view cannot be told apart in it	-	read the page against its target: migration replaces the VIEW with the artefact page (R1), so only its prose has to be conserved -- and only a human can say which is which here
C4-fe91db	conservation	C4	DIVERGIERT	Referenzen.page.md	3 of 5 PROSE runs of the source page are in no target page (first: Er bezieht sich dabei auf Messverfahren, deren Messwerte dur…)	-	map the missing text to a target page section, or record the loss in the report's content map
C4-03ec0a	conservation	C4	NICHT PRUEFBAR	Release-Notes.page.md	the source page carries NO prose -- 0 generated table row(s) only	-	conservation of a generated view is not a text question; confirm the artefact page replaces it (R1)
C4-8056fc	conservation	C4	NICHT PRUEFBAR	Spirometrie/Index.page.md	the source page carries NO prose -- 0 generated table row(s) only	-	conservation of a generated view is not a text question; confirm the artefact page replaces it (R1)
C4-0e259f	conservation	C4	NICHT PRUEFBAR	Spirometrie/Procedure.page.md	the source page embeds an element-tree rendering (5 occurrences of the renderer's marker); 2 of 3 runs are in no target page, but prose and rendered view cannot be told apart in it	-	read the page against its target: migration replaces the VIEW with the artefact page (R1), so only its prose has to be conserved -- and only a human can say which is which here
C4-841864	conservation	C4	NICHT PRUEFBAR	Spirometrie/Report.page.md	the source page embeds an element-tree rendering (5 occurrences of the renderer's marker); 2 of 4 runs are in no target page, but prose and rendered view cannot be told apart in it	-	read the page against its target: migration replaces the VIEW with the artefact page (R1), so only its prose has to be conserved -- and only a human can say which is which here
C4-2ac857	conservation	C4	NICHT PRUEFBAR	TLC.page.md	the source page embeds an element-tree rendering (5 occurrences of the renderer's marker); 2 of 3 runs are in no target page, but prose and rendered view cannot be told apart in it	-	read the page against its target: migration replaces the VIEW with the artefact page (R1), so only its prose has to be conserved -- and only a human can say which is which here
C4-fc1144	conservation	C4	NICHT PRUEFBAR	TechnischeImplementierung/Index.page.md	the source page carries NO prose -- 0 generated table row(s) only	-	conservation of a generated view is not a text question; confirm the artefact page replaces it (R1)
C4-dcd614	conservation	C4	DIVERGIERT	Terminologien.page.md	1 of 5 PROSE runs of the source page are in no target page (first: //TODO **SNOMED CT** SNOMED CT wird zur Kodierung klinischer…)	-	map the missing text to a target page section, or record the loss in the report's content map
C4-d47516	conservation	C4	NICHT PRUEFBAR	UML.page.md	the source page carries NO prose -- 0 generated table row(s) only	-	conservation of a generated view is not a text question; confirm the artefact page replaces it (R1)
C4-8e4c1e	conservation	C4	NICHT PRUEFBAR	Umgebung.page.md	the source page embeds an element-tree rendering (5 occurrences of the renderer's marker); 2 of 3 runs are in no target page, but prose and rendered view cannot be told apart in it	-	read the page against its target: migration replaces the VIEW with the artefact page (R1), so only its prose has to be conserved -- and only a human can say which is which here
C4-580dd4	conservation	C4	NICHT PRUEFBAR	Umgebungsvariablen/Index.page.md	the source page carries NO prose -- 0 generated table row(s) only	-	conservation of a generated view is not a text question; confirm the artefact page replaces it (R1)
C4-05ce18	conservation	C4	NICHT PRUEFBAR	VA.page.md	the source page embeds an element-tree rendering (5 occurrences of the renderer's marker); 2 of 3 runs are in no target page, but prose and rendered view cannot be told apart in it	-	read the page against its target: migration replaces the VIEW with the artefact page (R1), so only its prose has to be conserved -- and only a human can say which is which here
C4-bdec68	conservation	C4	NICHT PRUEFBAR	VC.page.md	the source page embeds an element-tree rendering (5 occurrences of the renderer's marker); 2 of 3 runs are in no target page, but prose and rendered view cannot be told apart in it	-	read the page against its target: migration replaces the VIEW with the artefact page (R1), so only its prose has to be conserved -- and only a human can say which is which here
C4-9dadbd	conservation	C4	NICHT PRUEFBAR	sG_tot.page.md	the source page embeds an element-tree rendering (5 occurrences of the renderer's marker); 2 of 3 runs are in no target page, but prose and rendered view cannot be told apart in it	-	read the page against its target: migration replaces the VIEW with the artefact page (R1), so only its prose has to be conserved -- and only a human can say which is which here
C4-1ad1d6	conservation	C4	NICHT PRUEFBAR	sR_eff.page.md	the source page embeds an element-tree rendering (5 occurrences of the renderer's marker); 2 of 3 runs are in no target page, but prose and rendered view cannot be told apart in it	-	read the page against its target: migration replaces the VIEW with the artefact page (R1), so only its prose has to be conserved -- and only a human can say which is which here
C4-9ba3b4	conservation	C4	NICHT PRUEFBAR	sR_tot.page.md	the source page embeds an element-tree rendering (5 occurrences of the renderer's marker); 2 of 3 runs are in no target page, but prose and rendered view cannot be told apart in it	-	read the page against its target: migration replaces the VIEW with the artefact page (R1), so only its prose has to be conserved -- and only a human can say which is which here
C5-f09e26	conservation	C5	IDENTISCH	input/includes/menu.xml	all 24 menu entries resolve to a real page	-	-
C5-d64c1f	conservation	C5	IDENTISCH	input/translations/de/includes/menu.xml	all 24 menu entries resolve to a real page	-	-
C5-8d31ff	conservation	C5	IDENTISCH	16 narrative pages	every one is reachable from a menu entry	-	-
C5-3cab9a	conservation	C5	IDENTISCH	target page set	every narrative page is either the template's or a page-map target	-	-
C6-8e10d1	conservation	C6	IDENTISCH	BF.page.md	1 of 3 runs placed, most on StructureDefinition-mii-pr-lungenfunktion-bf-intro -- the mapped target	-	-
C6-56cdd3	conservation	C6	NICHT PRUEFBAR	BeschreibungModul.page.md	mapped to index, which holds 4 run(s), but MOST landed on guidance (20), index (4), implementer-guidance (2)	-	a split is legitimate when the source page was deliberately divided; confirm the routing or correct the page map
C6-602bb1	conservation	C6	IDENTISCH	BeschreibungvonSzenarienfrdieAnwendungderModule.page.md	26 of 26 runs placed, most on guidance -- the mapped target	-	-
C6-7d4b60	conservation	C6	IDENTISCH	Bodyplethysmographie/Procedure.page.md	1 of 3 runs placed, most on StructureDefinition-mii-pr-lungenfunktion-bodyplethysmographie-messung-intro -- the mapped target	-	-
C6-1d4833	conservation	C6	IDENTISCH	Bodyplethysmographie/Report.page.md	2 of 4 runs placed, most on StructureDefinition-mii-pr-lungenfunktion-bodyplethysmographie-intro -- the mapped target	-	-
C6-a492f8	conservation	C6	IDENTISCH	CO2-Konzentration.page.md	1 of 3 runs placed, most on StructureDefinition-mii-pr-lungenfunktion-co2-konzentration-intro -- the mapped target	-	-
C6-c81fe3	conservation	C6	IDENTISCH	CapabilityStatement.page.md	2 of 6 runs placed, most on capability-statements -- the mapped target	-	-
C6-2a8e05	conservation	C6	IDENTISCH	DLCO.page.md	1 of 3 runs placed, most on StructureDefinition-mii-pr-lungenfunktion-dlco-intro -- the mapped target	-	-
C6-5a839d	conservation	C6	IDENTISCH	DLCOc.page.md	2 of 4 runs placed, most on StructureDefinition-mii-pr-lungenfunktion-dlcoc-intro -- the mapped target	-	-
C6-c80689	conservation	C6	IDENTISCH	Datensaetze_inkl._Beschreibungen.page.md	9 of 9 runs placed, most on logical-models -- the mapped target	-	-
C6-19848f	conservation	C6	IDENTISCH	Diffusion/Procedure.page.md	1 of 3 runs placed, most on StructureDefinition-mii-pr-lungenfunktion-diffusion-messung-intro -- the mapped target	-	-
C6-766a60	conservation	C6	IDENTISCH	Diffusion/Report.page.md	2 of 4 runs placed, most on StructureDefinition-mii-pr-lungenfunktion-diffusion-intro -- the mapped target	-	-
C6-e4f383	conservation	C6	IDENTISCH	Dosis.page.md	2 of 4 runs placed, most on StructureDefinition-mii-pr-lungenfunktion-dosis-intro -- the mapped target	-	-
C6-7e4110	conservation	C6	IDENTISCH	FEV.page.md	1 of 3 runs placed, most on StructureDefinition-mii-pr-lungenfunktion-fev-intro -- the mapped target	-	-
C6-9bb416	conservation	C6	IDENTISCH	FEVFVC.page.md	2 of 4 runs placed, most on StructureDefinition-mii-pr-lungenfunktion-fev-fvc-intro -- the mapped target	-	-
C6-b6416b	conservation	C6	IDENTISCH	FRC.page.md	1 of 3 runs placed, most on StructureDefinition-mii-pr-lungenfunktion-frc-intro -- the mapped target	-	-
C6-0e0fb0	conservation	C6	IDENTISCH	FVC.page.md	1 of 3 runs placed, most on StructureDefinition-mii-pr-lungenfunktion-fvc-intro -- the mapped target	-	-
C6-2616d2	conservation	C6	IDENTISCH	Hb.page.md	1 of 3 runs placed, most on StructureDefinition-mii-pr-lungenfunktion-hb-intro -- the mapped target	-	-
C6-9f95a0	conservation	C6	IDENTISCH	IC.page.md	1 of 3 runs placed, most on StructureDefinition-mii-pr-lungenfunktion-ic-intro -- the mapped target	-	-
C6-af22bb	conservation	C6	IDENTISCH	KCO.page.md	2 of 4 runs placed, most on StructureDefinition-mii-pr-lungenfunktion-kco-intro -- the mapped target	-	-
C6-ef7eb5	conservation	C6	IDENTISCH	KCOc.page.md	3 of 5 runs placed, most on StructureDefinition-mii-pr-lungenfunktion-kcoc-intro -- the mapped target	-	-
C6-1dd4ca	conservation	C6	IDENTISCH	KontextimGesamtprojektBezgezuanderenModulen.page.md	29 of 29 runs placed, most on implementer-guidance -- the mapped target	-	-
C6-d4339f	conservation	C6	IDENTISCH	Luftfeuchtigkeit.page.md	1 of 3 runs placed, most on StructureDefinition-mii-pr-lungenfunktion-luftfeuchtigkeit-intro -- the mapped target	-	-
C6-eec502	conservation	C6	IDENTISCH	Lufttemperatur.page.md	1 of 3 runs placed, most on StructureDefinition-mii-pr-lungenfunktion-lufttemperatur-intro -- the mapped target	-	-
C6-0a465c	conservation	C6	IDENTISCH	MEF.page.md	3 of 5 runs placed, most on StructureDefinition-mii-pr-lungenfunktion-mef-intro -- the mapped target	-	-
C6-61c89b	conservation	C6	IDENTISCH	MIIIGModulLungenfunktion/Index.page.md	10 of 16 runs placed, most on index -- the mapped target	-	-
C6-a829f6	conservation	C6	IDENTISCH	Medikation.page.md	1 of 3 runs placed, most on StructureDefinition-mii-pr-lungenfunktion-methacholine-intro -- the mapped target	-	-
C6-eb1fc2	conservation	C6	IDENTISCH	PEF.page.md	1 of 3 runs placed, most on StructureDefinition-mii-pr-lungenfunktion-pef-intro -- the mapped target	-	-
C6-8c9258	conservation	C6	IDENTISCH	Provokationsgabe.page.md	1 of 3 runs placed, most on StructureDefinition-mii-pr-lungenfunktion-dosis-gabe-intro -- the mapped target	-	-
C6-b58da0	conservation	C6	IDENTISCH	Provokationstest/Procedure.page.md	1 of 3 runs placed, most on StructureDefinition-mii-pr-lungenfunktion-provokationstest-messung-intro -- the mapped target	-	-
C6-2c8a40	conservation	C6	IDENTISCH	Provokationstest/Report.page.md	2 of 4 runs placed, most on StructureDefinition-mii-pr-lungenfunktion-provokationstest-intro -- the mapped target	-	-
C6-a2717e	conservation	C6	IDENTISCH	RV.page.md	1 of 3 runs placed, most on StructureDefinition-mii-pr-lungenfunktion-irv-intro -- the mapped target	-	-
C6-02fd5c	conservation	C6	NICHT PRUEFBAR	RVL.page.md	mapped to StructureDefinition-mii-pr-lungenfunktion-rvl-intro, which holds 1 run(s), but MOST landed on StructureDefinition-mii-pr-lungenfunktion-irv-intro (1), StructureDefinition-mii-pr-lungenfunktion-rvl-intro (1)	-	a split is legitimate when the source page was deliberately divided; confirm the routing or correct the page map
C6-03eb1f	conservation	C6	IDENTISCH	RVLTLC.page.md	1 of 3 runs placed, most on StructureDefinition-mii-pr-lungenfunktion-rvl-tlc-intro -- the mapped target	-	-
C6-83d9f2	conservation	C6	IDENTISCH	R_tot.page.md	1 of 3 runs placed, most on StructureDefinition-mii-pr-lungenfunktion-r-intro -- the mapped target	-	-
C6-997ea5	conservation	C6	IDENTISCH	Referenzen.page.md	2 of 5 runs placed, most on implementer-guidance -- the mapped target	-	-
C6-bc31f7	conservation	C6	IDENTISCH	Spirometrie/Procedure.page.md	1 of 3 runs placed, most on StructureDefinition-mii-pr-lungenfunktion-spirometrie-messung-intro -- the mapped target	-	-
C6-0a7644	conservation	C6	IDENTISCH	Spirometrie/Report.page.md	2 of 4 runs placed, most on StructureDefinition-mii-pr-lungenfunktion-spirometrie-intro -- the mapped target	-	-
C6-476df2	conservation	C6	IDENTISCH	TLC.page.md	1 of 3 runs placed, most on StructureDefinition-mii-pr-lungenfunktion-tlc-intro -- the mapped target	-	-
C6-8d2119	conservation	C6	IDENTISCH	Terminologien.page.md	4 of 5 runs placed, most on value-sets -- the mapped target	-	-
C6-8bd150	conservation	C6	IDENTISCH	Umgebung.page.md	1 of 3 runs placed, most on StructureDefinition-mii-pr-lungenfunktion-umgebung-intro -- the mapped target	-	-
C6-c3b139	conservation	C6	IDENTISCH	VA.page.md	1 of 3 runs placed, most on StructureDefinition-mii-pr-lungenfunktion-va-intro -- the mapped target	-	-
C6-7fabed	conservation	C6	IDENTISCH	VC.page.md	1 of 3 runs placed, most on StructureDefinition-mii-pr-lungenfunktion-vc-intro -- the mapped target	-	-
C6-7cbc58	conservation	C6	IDENTISCH	sG_tot.page.md	1 of 3 runs placed, most on StructureDefinition-mii-pr-lungenfunktion-sg-total-intro -- the mapped target	-	-
C6-37ab1d	conservation	C6	IDENTISCH	sR_eff.page.md	1 of 3 runs placed, most on StructureDefinition-mii-pr-lungenfunktion-r-effektiv-intro -- the mapped target	-	-
C6-351045	conservation	C6	IDENTISCH	sR_tot.page.md	1 of 3 runs placed, most on StructureDefinition-mii-pr-lungenfunktion-r-spezifisch-intro -- the mapped target	-	-
C7-0209b1	conservation	C7	DIVERGIERT	index	4 of 30 prose runs of the source page BeschreibungModul.page.md are in no target page (C4), and index carries no DERIVED marker at all -- text was rewritten and the guide does not say so	-	mark the passage per spec section 9d (the DERIVED comment plus the visible box, in BOTH language mirrors), or restore the source wording; if the text was deliberately dropped, record that in migration-log/page-map.tsv instead
C7-9191f0	conservation	C7	DIVERGIERT	capability-statements	4 of 6 prose runs of the source page CapabilityStatement.page.md are in no target page (C4), and capability-statements carries no DERIVED marker at all -- text was rewritten and the guide does not say so	-	mark the passage per spec section 9d (the DERIVED comment plus the visible box, in BOTH language mirrors), or restore the source wording; if the text was deliberately dropped, record that in migration-log/page-map.tsv instead
C7-8c8c7d	conservation	C7	DIVERGIERT	profiles	5 of 5 prose runs of the source page FHIR-Profile/Index.page.md are in no target page (C4), and profiles carries no DERIVED marker at all -- text was rewritten and the guide does not say so	-	mark the passage per spec section 9d (the DERIVED comment plus the visible box, in BOTH language mirrors), or restore the source wording; if the text was deliberately dropped, record that in migration-log/page-map.tsv instead
C7-e91ffd	conservation	C7	DIVERGIERT	index	6 of 16 prose runs of the source page MIIIGModulLungenfunktion/Index.page.md are in no target page (C4), and index carries no DERIVED marker at all -- text was rewritten and the guide does not say so	-	mark the passage per spec section 9d (the DERIVED comment plus the visible box, in BOTH language mirrors), or restore the source wording; if the text was deliberately dropped, record that in migration-log/page-map.tsv instead
C7-283e85	conservation	C7	DIVERGIERT	implementer-guidance	3 of 5 prose runs of the source page Referenzen.page.md are in no target page (C4), and implementer-guidance carries no DERIVED marker at all -- text was rewritten and the guide does not say so	-	mark the passage per spec section 9d (the DERIVED comment plus the visible box, in BOTH language mirrors), or restore the source wording; if the text was deliberately dropped, record that in migration-log/page-map.tsv instead
C7-583fc9	conservation	C7	DIVERGIERT	value-sets	1 of 5 prose runs of the source page Terminologien.page.md are in no target page (C4), and value-sets carries no DERIVED marker at all -- text was rewritten and the guide does not say so	-	mark the passage per spec section 9d (the DERIVED comment plus the visible box, in BOTH language mirrors), or restore the source wording; if the text was deliberately dropped, record that in migration-log/page-map.tsv instead
C7-9c179f	conservation	C7	NICHT PRUEFBAR	BF.page.md	C4 could not tell this page's prose from its embedded element-tree rendering, so whether anything was rewritten here is not measured	-	read the page against its target (the same human action C4 asks for) and mark whatever the migration wrote per spec section 9d
C7-223ee1	conservation	C7	NICHT PRUEFBAR	Bodyplethysmographie/Procedure.page.md	C4 could not tell this page's prose from its embedded element-tree rendering, so whether anything was rewritten here is not measured	-	read the page against its target (the same human action C4 asks for) and mark whatever the migration wrote per spec section 9d
C7-75d603	conservation	C7	NICHT PRUEFBAR	Bodyplethysmographie/Report.page.md	C4 could not tell this page's prose from its embedded element-tree rendering, so whether anything was rewritten here is not measured	-	read the page against its target (the same human action C4 asks for) and mark whatever the migration wrote per spec section 9d
C7-5fb496	conservation	C7	NICHT PRUEFBAR	CO2-Konzentration.page.md	C4 could not tell this page's prose from its embedded element-tree rendering, so whether anything was rewritten here is not measured	-	read the page against its target (the same human action C4 asks for) and mark whatever the migration wrote per spec section 9d
C7-e2ffb7	conservation	C7	NICHT PRUEFBAR	DLCO.page.md	C4 could not tell this page's prose from its embedded element-tree rendering, so whether anything was rewritten here is not measured	-	read the page against its target (the same human action C4 asks for) and mark whatever the migration wrote per spec section 9d
C7-753e86	conservation	C7	NICHT PRUEFBAR	DLCOc.page.md	C4 could not tell this page's prose from its embedded element-tree rendering, so whether anything was rewritten here is not measured	-	read the page against its target (the same human action C4 asks for) and mark whatever the migration wrote per spec section 9d
C7-d2515d	conservation	C7	NICHT PRUEFBAR	Diffusion/Procedure.page.md	C4 could not tell this page's prose from its embedded element-tree rendering, so whether anything was rewritten here is not measured	-	read the page against its target (the same human action C4 asks for) and mark whatever the migration wrote per spec section 9d
C7-59f32e	conservation	C7	NICHT PRUEFBAR	Diffusion/Report.page.md	C4 could not tell this page's prose from its embedded element-tree rendering, so whether anything was rewritten here is not measured	-	read the page against its target (the same human action C4 asks for) and mark whatever the migration wrote per spec section 9d
C7-2b0320	conservation	C7	NICHT PRUEFBAR	Dosis.page.md	C4 could not tell this page's prose from its embedded element-tree rendering, so whether anything was rewritten here is not measured	-	read the page against its target (the same human action C4 asks for) and mark whatever the migration wrote per spec section 9d
C7-91cda2	conservation	C7	NICHT PRUEFBAR	FEV.page.md	C4 could not tell this page's prose from its embedded element-tree rendering, so whether anything was rewritten here is not measured	-	read the page against its target (the same human action C4 asks for) and mark whatever the migration wrote per spec section 9d
C7-bee0bc	conservation	C7	NICHT PRUEFBAR	FEVFVC.page.md	C4 could not tell this page's prose from its embedded element-tree rendering, so whether anything was rewritten here is not measured	-	read the page against its target (the same human action C4 asks for) and mark whatever the migration wrote per spec section 9d
C7-88f5cf	conservation	C7	NICHT PRUEFBAR	FRC.page.md	C4 could not tell this page's prose from its embedded element-tree rendering, so whether anything was rewritten here is not measured	-	read the page against its target (the same human action C4 asks for) and mark whatever the migration wrote per spec section 9d
C7-c80000	conservation	C7	NICHT PRUEFBAR	FVC.page.md	C4 could not tell this page's prose from its embedded element-tree rendering, so whether anything was rewritten here is not measured	-	read the page against its target (the same human action C4 asks for) and mark whatever the migration wrote per spec section 9d
C7-3ff806	conservation	C7	NICHT PRUEFBAR	Hb.page.md	C4 could not tell this page's prose from its embedded element-tree rendering, so whether anything was rewritten here is not measured	-	read the page against its target (the same human action C4 asks for) and mark whatever the migration wrote per spec section 9d
C7-70d5a8	conservation	C7	NICHT PRUEFBAR	IC.page.md	C4 could not tell this page's prose from its embedded element-tree rendering, so whether anything was rewritten here is not measured	-	read the page against its target (the same human action C4 asks for) and mark whatever the migration wrote per spec section 9d
C7-b7cc8e	conservation	C7	NICHT PRUEFBAR	KCO.page.md	C4 could not tell this page's prose from its embedded element-tree rendering, so whether anything was rewritten here is not measured	-	read the page against its target (the same human action C4 asks for) and mark whatever the migration wrote per spec section 9d
C7-b0edc9	conservation	C7	NICHT PRUEFBAR	KCOc.page.md	C4 could not tell this page's prose from its embedded element-tree rendering, so whether anything was rewritten here is not measured	-	read the page against its target (the same human action C4 asks for) and mark whatever the migration wrote per spec section 9d
C7-c0ee09	conservation	C7	NICHT PRUEFBAR	Luftfeuchtigkeit.page.md	C4 could not tell this page's prose from its embedded element-tree rendering, so whether anything was rewritten here is not measured	-	read the page against its target (the same human action C4 asks for) and mark whatever the migration wrote per spec section 9d
C7-8aa92f	conservation	C7	NICHT PRUEFBAR	Lufttemperatur.page.md	C4 could not tell this page's prose from its embedded element-tree rendering, so whether anything was rewritten here is not measured	-	read the page against its target (the same human action C4 asks for) and mark whatever the migration wrote per spec section 9d
C7-9fab0e	conservation	C7	NICHT PRUEFBAR	MEF.page.md	C4 could not tell this page's prose from its embedded element-tree rendering, so whether anything was rewritten here is not measured	-	read the page against its target (the same human action C4 asks for) and mark whatever the migration wrote per spec section 9d
C7-9fa9da	conservation	C7	NICHT PRUEFBAR	Medikation.page.md	C4 could not tell this page's prose from its embedded element-tree rendering, so whether anything was rewritten here is not measured	-	read the page against its target (the same human action C4 asks for) and mark whatever the migration wrote per spec section 9d
C7-7eb05e	conservation	C7	NICHT PRUEFBAR	PEF.page.md	C4 could not tell this page's prose from its embedded element-tree rendering, so whether anything was rewritten here is not measured	-	read the page against its target (the same human action C4 asks for) and mark whatever the migration wrote per spec section 9d
C7-cfe957	conservation	C7	NICHT PRUEFBAR	Provokationsgabe.page.md	C4 could not tell this page's prose from its embedded element-tree rendering, so whether anything was rewritten here is not measured	-	read the page against its target (the same human action C4 asks for) and mark whatever the migration wrote per spec section 9d
C7-ba8f04	conservation	C7	NICHT PRUEFBAR	Provokationstest/Procedure.page.md	C4 could not tell this page's prose from its embedded element-tree rendering, so whether anything was rewritten here is not measured	-	read the page against its target (the same human action C4 asks for) and mark whatever the migration wrote per spec section 9d
C7-de34f1	conservation	C7	NICHT PRUEFBAR	Provokationstest/Report.page.md	C4 could not tell this page's prose from its embedded element-tree rendering, so whether anything was rewritten here is not measured	-	read the page against its target (the same human action C4 asks for) and mark whatever the migration wrote per spec section 9d
C7-51b639	conservation	C7	NICHT PRUEFBAR	RV.page.md	C4 could not tell this page's prose from its embedded element-tree rendering, so whether anything was rewritten here is not measured	-	read the page against its target (the same human action C4 asks for) and mark whatever the migration wrote per spec section 9d
C7-682394	conservation	C7	NICHT PRUEFBAR	RVL.page.md	C4 could not tell this page's prose from its embedded element-tree rendering, so whether anything was rewritten here is not measured	-	read the page against its target (the same human action C4 asks for) and mark whatever the migration wrote per spec section 9d
C7-ef7d23	conservation	C7	NICHT PRUEFBAR	RVLTLC.page.md	C4 could not tell this page's prose from its embedded element-tree rendering, so whether anything was rewritten here is not measured	-	read the page against its target (the same human action C4 asks for) and mark whatever the migration wrote per spec section 9d
C7-6f91c0	conservation	C7	NICHT PRUEFBAR	R_tot.page.md	C4 could not tell this page's prose from its embedded element-tree rendering, so whether anything was rewritten here is not measured	-	read the page against its target (the same human action C4 asks for) and mark whatever the migration wrote per spec section 9d
C7-0599a5	conservation	C7	NICHT PRUEFBAR	Spirometrie/Procedure.page.md	C4 could not tell this page's prose from its embedded element-tree rendering, so whether anything was rewritten here is not measured	-	read the page against its target (the same human action C4 asks for) and mark whatever the migration wrote per spec section 9d
C7-ea828e	conservation	C7	NICHT PRUEFBAR	Spirometrie/Report.page.md	C4 could not tell this page's prose from its embedded element-tree rendering, so whether anything was rewritten here is not measured	-	read the page against its target (the same human action C4 asks for) and mark whatever the migration wrote per spec section 9d
C7-2ef662	conservation	C7	NICHT PRUEFBAR	TLC.page.md	C4 could not tell this page's prose from its embedded element-tree rendering, so whether anything was rewritten here is not measured	-	read the page against its target (the same human action C4 asks for) and mark whatever the migration wrote per spec section 9d
C7-ca6f8b	conservation	C7	NICHT PRUEFBAR	Umgebung.page.md	C4 could not tell this page's prose from its embedded element-tree rendering, so whether anything was rewritten here is not measured	-	read the page against its target (the same human action C4 asks for) and mark whatever the migration wrote per spec section 9d
C7-85e405	conservation	C7	NICHT PRUEFBAR	VA.page.md	C4 could not tell this page's prose from its embedded element-tree rendering, so whether anything was rewritten here is not measured	-	read the page against its target (the same human action C4 asks for) and mark whatever the migration wrote per spec section 9d
C7-8f215a	conservation	C7	NICHT PRUEFBAR	VC.page.md	C4 could not tell this page's prose from its embedded element-tree rendering, so whether anything was rewritten here is not measured	-	read the page against its target (the same human action C4 asks for) and mark whatever the migration wrote per spec section 9d
C7-7e377c	conservation	C7	NICHT PRUEFBAR	sG_tot.page.md	C4 could not tell this page's prose from its embedded element-tree rendering, so whether anything was rewritten here is not measured	-	read the page against its target (the same human action C4 asks for) and mark whatever the migration wrote per spec section 9d
C7-87f2aa	conservation	C7	NICHT PRUEFBAR	sR_eff.page.md	C4 could not tell this page's prose from its embedded element-tree rendering, so whether anything was rewritten here is not measured	-	read the page against its target (the same human action C4 asks for) and mark whatever the migration wrote per spec section 9d
C7-97df42	conservation	C7	NICHT PRUEFBAR	sR_tot.page.md	C4 could not tell this page's prose from its embedded element-tree rendering, so whether anything was rewritten here is not measured	-	read the page against its target (the same human action C4 asks for) and mark whatever the migration wrote per spec section 9d
F1-093008	fidelity	F1	IDENTISCH	id	mii-ig-lungenfunktion (identical to the source)	-	-
F1-bacf3c	fidelity	F1	IDENTISCH	packageId	de.medizininformatikinitiative.kerndatensatz.lungenfunktion (identical to the source)	-	-
F1-489e82	fidelity	F1	IDENTISCH	canonical	https://www.medizininformatik-initiative.de/fhir/ext/modul-l… (identical to the source)	-	-
F1-6cbfea	fidelity	F1	IDENTISCH	version	2027.0.0-ballot (identical to the source)	-	-
F1-8a3995	fidelity	F1	IDENTISCH	status	active (identical to the source)	-	-
F1-b5b102	fidelity	F1	DIVERGIERT	title	target MII IG Kerndatensatz-Modul Lungenfunktion  vs  source Medizininformatik-Initiative - Kerndatensatz - Modul Lungenf…	-	the SOURCE wins (spec 2.2); restore it or record the divergence as a Gate-A decision -- never normalise silently
F1-7bae24	fidelity	F1	DIVERGIERT	license	source has UNDECLARED, the target declares nothing	-	carry the source value over unchanged (guardrail 1)
F1-5451f2	fidelity	F1	IDENTISCH	publisher	Medizininformatik Initiative (identical to the source)	-	-
F1-f60f40	fidelity	F1	IDENTISCH	fhirVersion	4.0.1 (identical to the source)	-	-
F2-d14403	fidelity	F2	DIVERGIERT	de.basisprofil.r4	target 1.5.4  vs  source pin 1.5.x (the source tree (--source))	-	the source pin is the evidence; a registry dist-tag is not. Restore the pin or make the bump a Gate-A decision
F2-0519f5	fidelity	F2	DIVERGIERT	de.medizininformatikinitiative.kerndatensatz.base	target 2026.0.1  vs  source pin 2026.0.x (the source tree (--source))	-	the source pin is the evidence; a registry dist-tag is not. Restore the pin or make the bump a Gate-A decision
F2-ce5cda	fidelity	F2	DIVERGIERT	de.medizininformatikinitiative.kerndatensatz.meta	target 2026.0.0  vs  source pin 2026.0.x (the source tree (--source))	-	the source pin is the evidence; a registry dist-tag is not. Restore the pin or make the bump a Gate-A decision
F2-5a159c	fidelity	F2	IDENTISCH	hl7.fhir.r4.core	declared through `fhirVersion` (4.0.1), not as a dependency -- F1 compares it	-	-
F2-fb1c14	fidelity	F2	NICHT PRUEFBAR	de.medizininformatikinitiative.kerndatensatz.medikation	target-only dependency 2026.0.1 (not in the source)	-	confirm at Gate A that this is template machinery (hl7.fhir.uv.crmi is) and not an accidental addition
F2-fd0e73	fidelity	F2	NICHT PRUEFBAR	hl7.fhir.uv.crmi	target-only dependency 2.0.0 (not in the source)	-	confirm at Gate A that this is template machinery (hl7.fhir.uv.crmi is) and not an accidental addition
F2-047205	fidelity	F2	NICHT PRUEFBAR	hl7.fhir.uv.extensions.r4	target-only dependency 5.3.0 (not in the source)	-	confirm at Gate A that this is template machinery (hl7.fhir.uv.crmi is) and not an accidental addition
F2-8f9355	fidelity	F2	NICHT PRUEFBAR	hl7.terminology.r4	target-only dependency 7.3.0 (not in the source)	-	confirm at Gate A that this is template machinery (hl7.fhir.uv.crmi is) and not an accidental addition
F3-1a29c4	fidelity	F3	DIVERGIERT	license	the target declares no licence at all	-	declare the source's licence; a missing licence is not a default
F3-ce21cb	fidelity	F3	IDENTISCH	LICENSE file	no LICENSE file in the target -- nothing contradicts the declared scalar (none)	-	-
F4-e38270	fidelity	F4	IDENTISCH	160 FSH files	no fhir_comments rules, no whitespace-bearing code references	-	-
P1-8d8889	provenance	P1	NICHT PRUEFBAR	rendered template version	no `Templates:` line in the rendered qa.html (qa.html not found)	-	build the IG (step 7); the rendered output is the only place this value can be READ rather than assumed
P2-264584	provenance	P2	NICHT PRUEFBAR	vendored template ref	no `5.2 skeleton-vendored … ref=` line in the run log	-	emit it when vendoring: `bash "$ML" info 5.2 skeleton-vendored "… ref=<tag> commit=<sha>"`
P3-a28a47	provenance	P3	NICHT PRUEFBAR	IG Publisher version	no `IG Publisher Version:` in the rendered qa output	-	build the IG (step 7)
P4-379bde	provenance	P4	NICHT PRUEFBAR	source guide version	no `?version=` recorded in the run log or the harvest manifest	-	record the pinned, PUBLISHED guide version like the source commit SHA (spec 5.1c.3)
P5-ae41ea	provenance	P5	IDENTISCH	ig.ini	`ig = fsh-generated/resources/ImplementationGuide-mii-ig-lungenfunktion.json` exists in the target	-	-
R1-32a7b3	rendering	R1	NICHT PRUEFBAR	rendered output	no built site under output	-	build the IG (step 7); rendering integrity is not a property of the sources
R2-9639ec	rendering	R2	NICHT PRUEFBAR	rendered output	no built site under output	-	build the IG (step 7); rendering integrity is not a property of the sources
R3-f02a27	rendering	R3	NICHT PRUEFBAR	rendered output	no built site under output	-	build the IG (step 7); rendering integrity is not a property of the sources
R4-84ad62	rendering	R4	IDENTISCH	template example links	none, over 1 token(s) from template-artifacts.tsv (verified against template package 1.3.2)	-	-
R5-56aba7	rendering	R5	IDENTISCH	input/translations/de/ImplementationGuide-mii-ig-lungenfunktion.po	a translated unit for every one of the 17 page titles	-	-
L0-28d3e4	log	L0	IDENTISCH	./migration-log/run.log	867 parsed lines, 2 runs	-	-
L1-72b929	log	L1	IDENTISCH	silent-partial-success WARNs	the log carries none across 867 lines	-	-
L2-0e48db	log	L2	IDENTISCH	1 preflight-analysis	present in the log	-	-
L2-5e1c48	log	L2	IDENTISCH	pre.2 classify-source-shape	present in the log	-	-
L2-4fd559	log	L2	IDENTISCH	pre.5 toolchain	present in the log	-	-
L2-541189	log	L2	IDENTISCH	5.1 source-inventory	present in the log	-	-
L2-9a6da6	log	L2	IDENTISCH	2.1 read-identity	present in the log	-	-
L2-23b069	log	L2	NICHT PRUEFBAR	2.1 package-identity	no line in the log; the step is conditional (no sushi-config.yaml in the source)	-	confirm the condition did not hold -- The published package is the only machine source for the dependency PINS (spec §2.1.1).
L2-7163a2	log	L2	NICHT PRUEFBAR	2.1 repo-identity	no line in the log; the step is conditional (no sushi-config.yaml in the source)	-	confirm the condition did not hold -- The repository's LICENSE text is the only machine source for `license` — the field that must never default (spec §2.2).
L2-07bdbb	log	L2	NICHT PRUEFBAR	5.1c simplifier-discover	no line in the log; the step is conditional (no rendered-IG URL was supplied)	-	confirm the condition did not hold -- Without the discovery chain the guide is not found, and a migration then ships the template's starter pages.
L2-930ba2	log	L2	NICHT PRUEFBAR	5.1d guide-harvest	no line in the log; the step is conditional (the narrative is not in the repository)	-	confirm the condition did not hold -- This is the step whose absence shipped the template's starter pages under a module's name.
L2-91b7ea	log	L2	NICHT PRUEFBAR	5.1b.2 gofsh-input	no line in the log; required only for source shape B, which the log does not state	-	record the shape (pre.2 classify-source-shape) -- The input count, taken BY CONTENT, is the number goFSH's own counts are reconciled against.
L2-f0a960	log	L2	NICHT PRUEFBAR	5.1b.2 gofsh-convert	no line in the log; required only for source shape B, which the log does not state	-	record the shape (pre.2 classify-source-shape) -- goFSH exits 0 having converted 1 of 20 inputs when `-t json-and-xml` is missing; only this line's counts show it.
L2-395531	log	L2	NICHT PRUEFBAR	5.1b.3 sushi-before	no line in the log; required only for source shape B, which the log does not state	-	record the shape (pre.2 classify-source-shape) -- The "41" of 41 → 5: without the baseline the repair's effect is unmeasurable.
L2-837623	log	L2	NICHT PRUEFBAR	5.1b.3 postprocess-gofsh	no line in the log; required only for source shape B, which the log does not state	-	record the shape (pre.2 classify-source-shape) -- The two mechanical repairs; a parse error otherwise TRUNCATES a file while SUSHI still exports the instance.
L2-41942e	log	L2	NICHT PRUEFBAR	5.1b.3 sushi-after	no line in the log; required only for source shape B, which the log does not state	-	record the shape (pre.2 classify-source-shape) -- The "5": the residual, which must be named unresolvable parents and nothing else.
L2-cd2674	log	L2	NICHT PRUEFBAR	5.1b.5 parent-snapshots	no line in the log; the step is conditional (a parent package ships no snapshots)	-	confirm the condition did not hold -- A hand-rolled snapshot fabricates a parent; the detect run is what proves none was needed.
L2-666ef6	log	L2	IDENTISCH	5.2 skeleton-vendored	present in the log	-	-
L2-200a9d	log	L2	IDENTISCH	5.2 sushi-skeleton	present in the log	-	-
L2-9a700e	log	L2	IDENTISCH	5.3 transfer-artefacts	present in the log	-	-
L2-8fadca	log	L2	IDENTISCH	5.4 fql-scan	present in the log	-	-
L2-ec69ec	log	L2	IDENTISCH	5.4a optional-page-decisions	present in the log	-	-
L2-b6ec8c	log	L2	IDENTISCH	5.4b security-privacy-decision	present in the log	-	-
L2-254dc3	log	L2	IDENTISCH	5.4c page-routing	present in the log	-	-
L2-21c0ec	log	L2	IDENTISCH	5.4d derived-scan	present in the log	-	-
L2-a85d96	log	L2	IDENTISCH	5.5 gen-page-title-po	present in the log	-	-
L2-619c38	log	L2	IDENTISCH	5.6 sushi-build	present in the log	-	-
L2-a60619	log	L2	IDENTISCH	5.6 ig-publisher	present in the log	-	-
L2-d8144d	log	L2	IDENTISCH	5.6a sibling-skill-check	present in the log	-	-
L2-bce311	log	L2	IDENTISCH	7 prepost-delta	present in the log	-	-
L2-3b5912	log	L2	IDENTISCH	11 verify-migration	present in the log	-	-
L3-d86477	log	L3	IDENTISCH	open identity contradictions	the log records no `identity-contradiction:` WARN	-	-
L3-8766f8	log	L3	IDENTISCH	identity ledger	migration-log/identity-claims.tsv present, 13 claim(s)	-	-
L4-106e61	log	L4	NICHT PRUEFBAR	conversion count	no `gofsh-convert … actual=` line in the log	-	shape B only; for shape A there is nothing to convert
L4-f17740	log	L4	NICHT PRUEFBAR	page count	no harvested count in the log and/or no harvest manifest	-	harvest the guide (step 2c) where the narrative is not in the repo
L4-40cf60	log	L4	NICHT PRUEFBAR	artifact count	no rendered artifacts.html to count	-	build the IG (step 7)
