URL,Version,Status,OIDs,Name,Title,Description,Used
http://fdasis.nlm.nih.gov,1.0.0,active,"2.16.840.1.113883.4.9",UNII,Unique Ingredient Identifier (UNII),"A UNII is a non-proprietary, free, unique, unambiguous, nonsemantic, alphanumeric identifier based on a substance's molecular structure and/or descriptive information. UNII identifiers are generated based on scientific identity characteristics using ISO 11238 data elements. UNII availability does not imply any regulatory review or approval. Synonyms and mappings are based on the best public information available at the time of publication.","ValueSet/mii-vs-medikation-unii"
http://fhir.de/CodeSystem/ask,null,active,,Ask,Arzneimittel-Stoffkatalog,"Arzneimittel-Stoffkatalog (ASK) Platzhalter-CodeSystem","ValueSet/mii-vs-medikation-ask"
http://fhir.de/CodeSystem/bfarm/atc,null,active,,Atc,ATC,"ATC Platzhalter-CodeSystem","ValueSet/mii-vs-medikation-atc"
http://fhir.de/CodeSystem/bfarm/ops,null,active,,OPS,OPS,"OPS Platzhalter-CodeSystem","ValueSet/mii-vs-prozedur-ops"
http://hl7.org/fhir/CodeSystem/medication-status,4.0.1,draft,"2.16.840.1.113883.4.642.4.1380",Medication Status Codes,Medication  status  codes,"Medication Status Codes","ValueSet/medication-status"
http://hl7.org/fhir/days-of-week,4.0.1,active,"2.16.840.1.113883.4.642.4.513",DaysOfWeek,DaysOfWeek,"The days of the week.","ValueSet/days-of-week"
http://hl7.org/fhir/diagnostic-report-status,4.0.1,draft,"2.16.840.1.113883.4.642.4.236",DiagnosticReportStatus,DiagnosticReportStatus,"The status of the diagnostic report.","ValueSet/diagnostic-report-status"
http://hl7.org/fhir/event-status,4.0.1,draft,"2.16.840.1.113883.4.642.4.110",EventStatus,EventStatus,"Codes identifying the lifecycle stage of an event.","ValueSet/event-status"
http://hl7.org/fhir/location-mode,4.0.1,draft,"2.16.840.1.113883.4.642.4.331",LocationMode,LocationMode,"Indicates whether a resource instance represents a specific location or a class of locations.","ValueSet/location-mode"
http://hl7.org/fhir/location-status,4.0.1,draft,"2.16.840.1.113883.4.642.4.333",LocationStatus,LocationStatus,"Indicates whether the location is still in use.","ValueSet/location-status"
http://hl7.org/fhir/observation-status,4.0.1,active,"2.16.840.1.113883.4.642.4.401",ObservationStatus,ObservationStatus,"Codes providing the status of an observation.","ValueSet/observation-status"
http://hl7.org/fhir/quantity-comparator,4.0.1,active,"2.16.840.1.113883.4.642.4.60",QuantityComparator,QuantityComparator,"How the Quantity should be understood and represented.","ValueSet/quantity-comparator"
http://hl7.org/fhir/resource-types,4.0.1,active,,ResourceType,ResourceType,"One of the resource types defined as part of this version of FHIR.","ValueSet/resource-types"
http://loinc.org,3.1.0,active,"2.16.840.1.113883.6.1",LOINC,Logical Observation Identifiers, Names and Codes (LOINC),"LOINC provides a set of universal names and ID codes for identifying laboratory and clinical test results.1,2 LOINC facilitates the exchange and pooling of results, such as blood hemoglobin, serum potassium, or vital signs, for clinical care, outcomes management, and research. LOINC's universal identifiers (names and codes) can be used in the context of order and observation exchanges between information systems that use syntax standards such as HL73, CEN TC251, ISO TC215, ASTM4, and DICOM. Specifically, the identifier can be used as the coded value for an observation in any other standard that uses the observation/observation value paradigm, whether messages, documents, application programming interface (API), etc. For example, LOINC codes are used widely in the OBX segment Observation Identifier field (OBX-3) of an ORU HL7 (HL7 version 2.x or ASTM 1238-9410) message that may be sent between a Clinical Laboratory Information Management Systems (LIMS) and Electronic Health Record Systems (EHR).5, 6 In this way, LOINC codes provide universal identifiers that allow the exchange of clinical data between heterogeneous computing environments.","ValueSet/mii-vs-lufu-lnc-mef,ValueSet/mii-vs-lufu-lnc-fev-fvc,ValueSet/mii-vs-lufu-lnc-observable,ValueSet/mii-vs-lufu-lnc-rvl,ValueSet/mii-vs-lufu-lnc-sr-eff,ValueSet/mii-vs-lufu-lnc-sr,ValueSet/mii-vs-lufu-lnc-dlcoc,ValueSet/mii-vs-lufu-lnc-ic,ValueSet/mii-vs-lufu-lnc-rv,ValueSet/report-codes,ValueSet/mii-vs-lufu-lnc-kco,ValueSet/mii-vs-lufu-lnc-fev,ValueSet/mii-vs-lufu-lnc-frc,ValueSet/observation-codes,ValueSet/mii-vs-lufu-lnc-rvl-tlc,ValueSet/mii-vs-lufu-lnc-procedure,ValueSet/mii-vs-lufu-lnc-dlco,ValueSet/mii-vs-lufu-lnc-fvc,ValueSet/mii-vs-lufu-lnc-vc,ValueSet/mii-vs-lufu-lnc-tlc,ValueSet/mii-vs-lufu-lnc-pef,ValueSet/mii-vs-lufu-lnc-r"
http://snomed.info/sct,null,active,"2.16.840.1.113883.6.96",SNOMED_CT,SNOMED CT (all versions),"SNOMED CT is the most comprehensive and precise clinical health terminology product in the world, owned and distributed around the world by The International Health Terminology Standards Development Organisation (IHTSDO).","ValueSet/mii-vs-lufu-sct-observable,ValueSet/clinical-findings,ValueSet/mii-vs-lufu-sct-technique,ValueSet/mii-vs-lufu-sct-location,ValueSet/target-site-uv-ips,ValueSet/approach-site-codes,ValueSet/mii-vs-lufu-sct-pef,ValueSet/procedure-followup,ValueSet/mii-vs-prozedur-opskategorien-snomedct,ValueSet/mii-vs-prozedur-prozeduren-snomedct,ValueSet/mii-vs-lufu-sct-findings,ValueSet/mii-vs-lufu-sct-fvc,ValueSet/device-action,ValueSet/mii-vs-lufu-sct-mef,ValueSet/medication-codes,ValueSet/body-site,ValueSet/procedure-code,ValueSet/mii-vs-lufu-sct-vc,ValueSet/reason-medication-not-given-codes,ValueSet/mii-vs-lufu-sct-fev,ValueSet/device-kind,ValueSet/mii-vs-lufu-sct-fev-fvc,ValueSet/performer-role,ValueSet/referencerange-appliesto,ValueSet/mii-vs-lufu-sct-procedure,ValueSet/route-codes,ValueSet/procedure-outcome,ValueSet/procedure-reason,ValueSet/procedure-category,ValueSet/VitalSignDE-Atemfrequenz-SNOMED-CT,ValueSet/condition-code,ValueSet/mii-vs-lufu-sct-rv,ValueSet/procedure-not-performed-reason,ValueSet/observation-methods,ValueSet/administration-method-codes,ValueSet/mii-vs-prozedur-durchfuehrungsabsicht-snomedct"
http://terminology.hl7.org/CodeSystem/common-tags,1.0.1,active,"2.16.840.1.113883.4.642.1.1067",CommonTags,Common Tags,"Common Tag Codes defined by FHIR project","ValueSet/common-tags"
http://terminology.hl7.org/CodeSystem/data-absent-reason,2.0.0,active,"2.16.840.1.113883.4.642.4.1048",DataAbsentReason,DataAbsentReason,"Used to specify why the normally expected content of the data element is missing.","ValueSet/data-absent-reason"
http://terminology.hl7.org/CodeSystem/med-admin-perform-function,1.0.1,active,"2.16.840.1.113883.4.642.1.1112",MedicationAdministrationPerformerFunctionCodes,MedicationAdministration Performer Function Codes,"MedicationAdministration Performer Function Codes","ValueSet/med-admin-perform-function"
http://terminology.hl7.org/CodeSystem/medication-admin-category,4.0.1,draft,"2.16.840.1.113883.4.642.4.1111",MedicationAdministration Category Codes,Medication administration  category  codes,"MedicationAdministration Category Codes","ValueSet/medication-admin-category"
http://terminology.hl7.org/CodeSystem/medication-admin-status,4.0.1,draft,"2.16.840.1.113883.4.642.4.1311",MedicationAdministration Status Codes,Medication administration  status  codes,"MedicationAdministration Status Codes","ValueSet/medication-admin-status"
http://terminology.hl7.org/CodeSystem/observation-category,2.0.0,active,"2.16.840.1.113883.4.642.1.1125",ObservationCategoryCodes,Observation Category Codes,"Observation Category codes.","ValueSet/observation-category"
http://terminology.hl7.org/CodeSystem/reason-medication-given,1.0.1,active,"2.16.840.1.113883.4.642.1.1110",ReasonMedicationGivenCodes,Reason Medication Given Codes,"This value set is provided as an example. The value set to instantiate this attribute should be drawn from a robust terminology code system that consists of or contains concepts to support the medication process.","ValueSet/reason-medication-given-codes"
http://terminology.hl7.org/CodeSystem/referencerange-meaning,1.0.1,active,"2.16.840.1.113883.4.642.1.1124",ObservationReferenceRangeMeaningCodes,Observation Reference Range Meaning Codes,"This value set defines a set of codes that can be used to indicate the meaning/use of a reference range for a particular target population.","ValueSet/referencerange-meaning"
http://terminology.hl7.org/CodeSystem/v2-0074,3.0.0,active,"2.16.840.1.113883.18.29",DiagnosticServiceSectionId,diagnosticServiceSectionId,"HL7-defined code system of concepts which specify a section of a diagnostic service where the observation may be performed.  Used in HL7 Version 2.x messaging in the OBR and OM4 segments.","ValueSet/diagnostic-service-sections"
http://terminology.hl7.org/CodeSystem/v2-0116,3.0.0,active,"2.16.840.1.113883.18.47",BedStatus,bedStatus,"Code system of concepts which specify the state of a bed in an inpatient setting, and is used to determine if a patient may be assigned to it or not.  Used in HL7 Version 2.x messaging in the DLD and PV1 segments.","ValueSet/v2-0116"
http://terminology.hl7.org/CodeSystem/v3-ObservationInterpretation,4.0.0,active,"2.16.840.1.113883.5.83",ObservationInterpretation,ObservationInterpretation,"One or more codes providing a rough qualitative interpretation of the observation, such as ""normal"" / ""abnormal"", ""low"" / ""high"", ""better"" / ""worse"", ""resistant"" / ""susceptible"", ""expected"" / ""not expected"". The value set is intended to be for ANY use where coded representation of an interpretation is needed.","ValueSet/observation-interpretation"
http://terminology.hl7.org/CodeSystem/v3-RoleCode,4.0.0,active,"2.16.840.1.113883.5.111",RoleCode,RoleCode,"A set of codes further specifying the kind of Role; specific classification codes for further qualifying RoleClass codes.","ValueSet/v3-ServiceDeliveryLocationRoleType"
http://unitsofmeasure.org,3.0.1,active,,UCUM,Unified Code for Units of Measure (UCUM),"The Unified Code for Units of Measure (UCUM) is a code system intended to include all units of measures being contemporarily used in international science, engineering, and business. The purpose is to facilitate unambiguous electronic communication of quantities together with their units. The focus is on electronic communication, as opposed to communication between humans. A typical application of The Unified Code for Units of Measure are electronic data interchange (EDI) protocols, but there is nothing that prevents it from being used in other types of machine communication.","ValueSet/UcumVitalsCommonDE"
urn:ietf:bcp:47,2.0.1,active,,Ietf3066,Tags for the Identification of Languages,"Older value from OID registry.  Superceded; see recommendations in BCP-47.","ValueSet/languages"
